comp_id,employee_id,effective_date,salary,change_reason
1,1,2022-01-01,149700.0,New Hire
2,2,2022-01-01,97600.0,New Hire
3,3,2022-01-01,123700.0,New Hire
4,4,2022-01-01,100000.0,New Hire
5,5,2022-01-01,154800.0,New Hire
6,6,2022-01-01,105600.0,New Hire
7,7,2022-01-01,123700.0,New Hire
8,8,2022-01-01,101600.0,New Hire
9,9,2022-01-01,123200.0,New Hire
10,10,2022-01-01,99800.0,New Hire
11,11,2022-01-01,131600.0,New Hire
12,12,2022-01-01,97500.0,New Hire
13,13,2022-01-01,134800.0,New Hire
14,14,2022-01-01,118400.0,New Hire
15,15,2022-01-01,149200.0,New Hire
16,16,2022-01-01,119700.0,New Hire
17,17,2022-01-01,152900.0,New Hire
18,18,2022-01-01,96700.0,New Hire
19,19,2022-01-01,155400.0,New Hire
20,20,2022-01-01,98500.0,New Hire
21,21,2022-01-01,136000.0,New Hire
22,22,2022-01-01,107300.0,New Hire
23,23,2022-01-01,126400.0,New Hire
24,24,2022-01-01,104500.0,New Hire
25,25,2022-01-01,148800.0,New Hire
26,26,2022-01-01,111000.0,New Hire
27,27,2022-01-01,120100.0,New Hire
28,28,2022-01-01,114000.0,New Hire
29,29,2022-01-01,145600.0,New Hire
30,30,2022-01-01,114100.0,New Hire
31,31,2022-01-01,124500.0,New Hire
32,32,2022-01-01,96400.0,New Hire
33,33,2022-01-01,122800.0,New Hire
34,34,2022-01-01,111500.0,New Hire
35,35,2022-01-01,157200.0,New Hire
36,36,2022-01-01,102800.0,New Hire
37,37,2022-01-01,129900.0,New Hire
38,38,2022-01-01,108800.0,New Hire
39,39,2022-01-01,53200.0,New Hire
40,40,2022-01-01,70900.0,New Hire
41,41,2022-01-01,66200.0,New Hire
42,42,2022-01-01,81300.0,New Hire
43,43,2022-01-01,47500.0,New Hire
44,44,2022-01-01,50500.0,New Hire
45,45,2022-01-01,99700.0,New Hire
46,46,2022-01-01,45400.0,New Hire
47,47,2022-01-01,76400.0,New Hire
48,48,2022-01-01,73200.0,New Hire
49,49,2022-01-01,44400.0,New Hire
50,50,2022-01-01,49700.0,New Hire
51,51,2022-01-01,87400.0,New Hire
52,52,2022-01-01,79300.0,New Hire
53,53,2022-01-01,84400.0,New Hire
54,54,2022-01-01,45700.0,New Hire
55,55,2022-01-01,90800.0,New Hire
56,56,2022-01-01,117200.0,New Hire
57,57,2022-01-01,86600.0,New Hire
58,58,2022-01-01,110900.0,New Hire
59,59,2022-01-01,51600.0,New Hire
60,60,2022-01-01,42500.0,New Hire
61,61,2022-01-01,53700.0,New Hire
62,62,2022-01-01,68300.0,New Hire
63,63,2022-01-01,99100.0,New Hire
64,64,2022-01-01,93400.0,New Hire
65,65,2022-01-01,48100.0,New Hire
66,66,2022-01-01,55400.0,New Hire
67,67,2022-01-01,50300.0,New Hire
68,68,2022-01-01,69900.0,New Hire
69,69,2022-01-01,62400.0,New Hire
70,70,2022-01-01,42600.0,New Hire
71,71,2022-01-01,81900.0,New Hire
72,72,2022-01-01,92700.0,New Hire
73,73,2022-01-01,81700.0,New Hire
74,74,2022-01-01,84600.0,New Hire
75,75,2022-01-01,98800.0,New Hire
76,76,2022-01-01,97100.0,New Hire
77,77,2022-01-01,68700.0,New Hire
78,78,2022-01-01,62000.0,New Hire
79,79,2022-01-01,57500.0,New Hire
80,80,2022-01-01,99400.0,New Hire
81,81,2022-01-01,106000.0,New Hire
82,82,2022-01-01,68900.0,New Hire
83,83,2022-01-01,101500.0,New Hire
84,84,2022-01-01,94800.0,New Hire
85,85,2022-01-01,56400.0,New Hire
86,86,2022-01-01,81400.0,New Hire
87,87,2022-01-01,70000.0,New Hire
88,88,2022-01-01,70200.0,New Hire
89,89,2022-01-01,94400.0,New Hire
90,90,2022-01-01,75800.0,New Hire
91,91,2022-01-01,85000.0,New Hire
92,92,2022-01-01,101500.0,New Hire
93,93,2022-01-01,105000.0,New Hire
94,94,2022-01-01,44900.0,New Hire
95,95,2022-01-01,106800.0,New Hire
96,96,2022-01-01,51100.0,New Hire
97,97,2022-01-01,106400.0,New Hire
98,98,2022-01-01,71000.0,New Hire
99,99,2022-01-01,89800.0,New Hire
100,100,2022-01-01,46800.0,New Hire
101,101,2022-01-01,62400.0,New Hire
102,102,2022-01-01,88900.0,New Hire
103,103,2022-01-01,106500.0,New Hire
104,104,2022-01-01,101100.0,New Hire
105,105,2022-01-01,60500.0,New Hire
106,106,2022-01-01,55200.0,New Hire
107,107,2022-01-01,63100.0,New Hire
108,108,2022-01-01,59100.0,New Hire
109,109,2022-01-01,66900.0,New Hire
110,110,2022-01-01,89100.0,New Hire
111,111,2022-01-01,69200.0,New Hire
112,112,2022-01-01,42600.0,New Hire
113,113,2022-01-01,53300.0,New Hire
114,114,2022-01-01,54200.0,New Hire
115,115,2022-01-01,57500.0,New Hire
116,116,2022-01-01,85700.0,New Hire
117,117,2022-01-01,69600.0,New Hire
118,118,2022-01-01,76800.0,New Hire
119,119,2022-01-01,55000.0,New Hire
120,120,2022-01-01,45700.0,New Hire
121,121,2022-02-26,92300.0,New Hire
122,122,2022-02-10,74900.0,New Hire
123,123,2022-02-02,101300.0,New Hire
124,124,2022-02-19,48700.0,New Hire
125,125,2022-02-03,60500.0,New Hire
126,126,2022-03-25,69800.0,New Hire
127,127,2022-03-02,47700.0,New Hire
128,128,2022-03-18,44900.0,New Hire
129,129,2022-03-10,69200.0,New Hire
130,130,2022-03-29,52000.0,New Hire
131,131,2022-03-27,75400.0,New Hire
132,132,2022-03-28,47000.0,New Hire
133,133,2022-03-26,109300.0,New Hire
134,134,2022-03-30,69800.0,New Hire
135,135,2022-03-11,102500.0,New Hire
136,4,2022-03-31,107300.0,Promotion
137,21,2022-03-31,142500.0,Promotion
138,23,2022-03-31,134400.0,Promotion
139,25,2022-03-31,156700.0,Merit
140,36,2022-03-31,107400.0,Merit
141,39,2022-03-31,56300.0,Promotion
142,49,2022-03-31,49200.0,Merit
143,52,2022-03-31,87300.0,Merit
144,53,2022-03-31,93900.0,Merit
145,56,2022-03-31,122000.0,Merit
146,58,2022-03-31,115900.0,Merit
147,65,2022-03-31,51100.0,Promotion
148,77,2022-03-31,71800.0,Promotion
149,78,2022-03-31,66200.0,Promotion
150,82,2022-03-31,76300.0,Merit
151,87,2022-03-31,74300.0,Merit
152,93,2022-03-31,112700.0,Merit
153,101,2022-03-31,69800.0,Merit
154,110,2022-03-31,99400.0,Merit
155,119,2022-03-31,61400.0,Promotion
156,136,2022-04-26,97100.0,New Hire
157,137,2022-04-06,61900.0,New Hire
158,138,2022-04-18,88600.0,New Hire
159,139,2022-04-05,112500.0,New Hire
160,140,2022-04-26,66900.0,New Hire
161,141,2022-04-07,58900.0,New Hire
162,142,2022-04-27,79700.0,New Hire
163,143,2022-04-26,105300.0,New Hire
164,144,2022-04-10,127800.0,New Hire
165,145,2022-04-17,76600.0,New Hire
166,146,2022-04-23,91700.0,New Hire
167,147,2022-05-12,83100.0,New Hire
168,148,2022-05-23,80000.0,New Hire
169,149,2022-05-31,90800.0,New Hire
170,150,2022-05-18,56900.0,New Hire
171,151,2022-05-04,66600.0,New Hire
172,152,2022-05-29,100000.0,New Hire
173,153,2022-05-18,81600.0,New Hire
174,154,2022-05-24,120400.0,New Hire
175,155,2022-05-21,91600.0,New Hire
176,156,2022-05-06,45800.0,New Hire
177,157,2022-05-03,71700.0,New Hire
178,158,2022-05-09,113100.0,New Hire
179,159,2022-05-10,43500.0,New Hire
180,160,2022-05-24,148100.0,New Hire
181,161,2022-05-20,106200.0,New Hire
182,162,2022-05-06,66600.0,New Hire
183,163,2022-05-14,62900.0,New Hire
184,164,2022-06-03,131500.0,New Hire
185,165,2022-06-13,56400.0,New Hire
186,166,2022-06-18,71600.0,New Hire
187,167,2022-06-08,59700.0,New Hire
188,168,2022-06-04,87500.0,New Hire
189,169,2022-06-28,109900.0,New Hire
190,170,2022-06-05,132000.0,New Hire
191,171,2022-06-18,66400.0,New Hire
192,172,2022-06-16,69600.0,New Hire
193,173,2022-06-13,66000.0,New Hire
194,174,2022-06-22,73700.0,New Hire
195,175,2022-06-24,51000.0,New Hire
196,176,2022-06-21,63700.0,New Hire
197,13,2022-06-30,147100.0,Promotion
198,21,2022-06-30,152200.0,Merit
199,37,2022-06-30,141000.0,Promotion
200,39,2022-06-30,63000.0,Promotion
201,53,2022-06-30,98300.0,Promotion
202,59,2022-06-30,55200.0,Merit
203,61,2022-06-30,59200.0,Merit
204,63,2022-06-30,105500.0,Merit
205,97,2022-06-30,113300.0,Merit
206,101,2022-06-30,77300.0,Promotion
207,107,2022-06-30,68700.0,Merit
208,119,2022-06-30,65700.0,Merit
209,121,2022-06-30,97400.0,Merit
210,127,2022-06-30,50500.0,Merit
211,131,2022-06-30,82800.0,Promotion
212,139,2022-06-30,120200.0,Merit
213,156,2022-06-30,50700.0,Merit
214,177,2022-07-22,50500.0,New Hire
215,178,2022-07-15,92800.0,New Hire
216,179,2022-07-08,64400.0,New Hire
217,180,2022-07-17,50400.0,New Hire
218,181,2022-07-01,135500.0,New Hire
219,182,2022-07-25,45400.0,New Hire
220,183,2022-07-03,73900.0,New Hire
221,184,2022-07-19,88100.0,New Hire
222,185,2022-07-02,55200.0,New Hire
223,186,2022-07-27,74900.0,New Hire
224,187,2022-07-09,94400.0,New Hire
225,188,2022-07-06,56700.0,New Hire
226,189,2022-07-01,61500.0,New Hire
227,190,2022-07-14,115600.0,New Hire
228,191,2022-07-02,116700.0,New Hire
229,192,2022-07-26,61300.0,New Hire
230,193,2022-07-14,52900.0,New Hire
231,194,2022-08-23,97100.0,New Hire
232,195,2022-08-14,78700.0,New Hire
233,196,2022-08-08,52100.0,New Hire
234,197,2022-08-18,60200.0,New Hire
235,198,2022-08-02,43200.0,New Hire
236,199,2022-08-06,47900.0,New Hire
237,200,2022-08-27,94000.0,New Hire
238,201,2022-08-30,94000.0,New Hire
239,202,2022-08-15,51400.0,New Hire
240,203,2022-08-09,65400.0,New Hire
241,204,2022-08-13,53500.0,New Hire
242,205,2022-08-18,100000.0,New Hire
243,206,2022-08-25,61100.0,New Hire
244,207,2022-08-26,119900.0,New Hire
245,208,2022-08-11,90600.0,New Hire
246,209,2022-08-06,59000.0,New Hire
247,210,2022-08-06,95500.0,New Hire
248,211,2022-08-31,78900.0,New Hire
249,212,2022-08-23,146600.0,New Hire
250,213,2022-08-01,119900.0,New Hire
251,214,2022-08-30,56300.0,New Hire
252,215,2022-08-24,101600.0,New Hire
253,216,2022-09-19,82400.0,New Hire
254,217,2022-09-29,71000.0,New Hire
255,218,2022-09-06,73200.0,New Hire
256,219,2022-09-08,49100.0,New Hire
257,220,2022-09-21,72600.0,New Hire
258,221,2022-09-16,65900.0,New Hire
259,222,2022-09-15,56000.0,New Hire
260,223,2022-09-02,103700.0,New Hire
261,224,2022-09-23,54300.0,New Hire
262,225,2022-09-03,159900.0,New Hire
263,226,2022-09-13,82500.0,New Hire
264,227,2022-09-05,84900.0,New Hire
265,228,2022-09-16,76000.0,New Hire
266,229,2022-09-29,67700.0,New Hire
267,230,2022-09-16,94600.0,New Hire
268,231,2022-09-20,76900.0,New Hire
269,232,2022-09-03,68300.0,New Hire
270,233,2022-09-30,61300.0,New Hire
271,2,2022-09-30,101700.0,Merit
272,15,2022-09-30,167100.0,Merit
273,23,2022-09-30,144300.0,Merit
274,29,2022-09-30,152600.0,Merit
275,35,2022-09-30,174700.0,Promotion
276,46,2022-09-30,50100.0,Merit
277,68,2022-09-30,75700.0,Merit
278,81,2022-09-30,110600.0,Merit
279,90,2022-09-30,79900.0,Merit
280,96,2022-09-30,56100.0,Merit
281,97,2022-09-30,121300.0,Merit
282,100,2022-09-30,50200.0,Promotion
283,106,2022-09-30,61500.0,Merit
284,115,2022-09-30,62800.0,Merit
285,152,2022-09-30,108800.0,Promotion
286,163,2022-09-30,66100.0,Promotion
287,167,2022-09-30,66200.0,Promotion
288,168,2022-09-30,96500.0,Promotion
289,169,2022-09-30,117700.0,Merit
290,202,2022-09-30,56100.0,Merit
291,206,2022-09-30,67600.0,Promotion
292,209,2022-09-30,62200.0,Merit
293,221,2022-09-30,72100.0,Promotion
294,232,2022-09-30,74700.0,Merit
295,234,2022-10-21,56200.0,New Hire
296,235,2022-10-19,75900.0,New Hire
297,236,2022-10-05,82600.0,New Hire
298,237,2022-10-27,58300.0,New Hire
299,238,2022-10-25,78000.0,New Hire
300,239,2022-10-10,46700.0,New Hire
301,240,2022-10-19,113300.0,New Hire
302,241,2022-10-22,48100.0,New Hire
303,242,2022-10-17,89100.0,New Hire
304,243,2022-10-29,109500.0,New Hire
305,244,2022-10-29,75800.0,New Hire
306,245,2022-10-23,106200.0,New Hire
307,246,2022-10-01,65100.0,New Hire
308,247,2022-10-30,54600.0,New Hire
309,248,2022-10-20,128800.0,New Hire
310,249,2022-10-09,49800.0,New Hire
311,250,2022-10-30,57500.0,New Hire
312,251,2022-10-05,112000.0,New Hire
313,252,2022-11-09,108500.0,New Hire
314,253,2022-11-20,94700.0,New Hire
315,254,2022-11-08,51900.0,New Hire
316,255,2022-11-23,99400.0,New Hire
317,256,2022-11-24,143300.0,New Hire
318,257,2022-11-23,87100.0,New Hire
319,258,2022-12-17,129900.0,New Hire
320,259,2022-12-12,71900.0,New Hire
321,260,2022-12-31,70300.0,New Hire
322,261,2022-12-05,60600.0,New Hire
323,262,2022-12-23,119900.0,New Hire
324,263,2022-12-31,91300.0,New Hire
325,264,2022-12-24,114500.0,New Hire
326,47,2022-12-31,83300.0,Merit
327,49,2022-12-31,53800.0,Merit
328,53,2022-12-31,108900.0,Promotion
329,54,2022-12-31,50900.0,Merit
330,63,2022-12-31,115600.0,Merit
331,106,2022-12-31,65600.0,Merit
332,111,2022-12-31,76700.0,Merit
333,117,2022-12-31,73900.0,Merit
334,122,2022-12-31,78300.0,Promotion
335,130,2022-12-31,57500.0,Promotion
336,137,2022-12-31,66700.0,Merit
337,171,2022-12-31,72000.0,Merit
338,172,2022-12-31,72400.0,Promotion
339,203,2022-12-31,71900.0,Promotion
340,206,2022-12-31,73200.0,Merit
341,216,2022-12-31,91000.0,Merit
342,228,2022-12-31,81800.0,Merit
343,229,2022-12-31,70500.0,Merit
344,243,2022-12-31,121000.0,Merit
345,250,2022-12-31,62700.0,Merit
346,256,2022-12-31,155200.0,Merit
347,262,2022-12-31,128400.0,Merit
348,265,2023-01-05,55000.0,New Hire
349,266,2023-01-27,96800.0,New Hire
350,267,2023-01-15,109500.0,New Hire
351,268,2023-01-20,44200.0,New Hire
352,269,2023-01-27,52400.0,New Hire
353,270,2023-01-22,91200.0,New Hire
354,271,2023-01-25,57800.0,New Hire
355,272,2023-01-16,54000.0,New Hire
356,273,2023-01-17,65400.0,New Hire
357,274,2023-01-10,59000.0,New Hire
358,275,2023-01-22,43500.0,New Hire
359,276,2023-01-02,82000.0,New Hire
360,277,2023-01-26,53600.0,New Hire
361,278,2023-01-11,62000.0,New Hire
362,279,2023-01-05,47000.0,New Hire
363,280,2023-01-02,75100.0,New Hire
364,281,2023-01-26,109400.0,New Hire
365,282,2023-01-15,69800.0,New Hire
366,283,2023-01-14,149300.0,New Hire
367,284,2023-01-15,67800.0,New Hire
368,285,2023-01-01,67000.0,New Hire
369,286,2023-01-13,48000.0,New Hire
370,287,2023-01-14,103700.0,New Hire
371,288,2023-01-12,61200.0,New Hire
372,289,2023-01-08,93600.0,New Hire
373,290,2023-01-09,55900.0,New Hire
374,291,2023-01-22,102400.0,New Hire
375,292,2023-01-29,44100.0,New Hire
376,293,2023-02-11,60200.0,New Hire
377,294,2023-02-10,97100.0,New Hire
378,295,2023-02-27,77500.0,New Hire
379,296,2023-02-18,75400.0,New Hire
380,297,2023-02-16,93100.0,New Hire
381,298,2023-02-25,142600.0,New Hire
382,299,2023-02-02,42300.0,New Hire
383,300,2023-02-07,93500.0,New Hire
384,301,2023-02-03,139600.0,New Hire
385,302,2023-02-28,55200.0,New Hire
386,303,2023-02-15,98900.0,New Hire
387,304,2023-02-20,48200.0,New Hire
388,305,2023-02-09,64700.0,New Hire
389,306,2023-02-10,101200.0,New Hire
390,307,2023-02-16,44300.0,New Hire
391,308,2023-02-19,59400.0,New Hire
392,309,2023-02-02,43800.0,New Hire
393,310,2023-02-17,76500.0,New Hire
394,311,2023-02-22,104000.0,New Hire
395,312,2023-02-10,60800.0,New Hire
396,313,2023-02-27,106500.0,New Hire
397,314,2023-02-12,48800.0,New Hire
398,315,2023-02-23,43600.0,New Hire
399,316,2023-02-16,92200.0,New Hire
400,317,2023-02-22,43600.0,New Hire
401,318,2023-02-28,97000.0,New Hire
402,319,2023-02-25,44500.0,New Hire
403,320,2023-03-04,61100.0,New Hire
404,321,2023-03-15,94500.0,New Hire
405,322,2023-03-29,97300.0,New Hire
406,323,2023-03-22,47200.0,New Hire
407,324,2023-03-07,59000.0,New Hire
408,325,2023-03-12,63700.0,New Hire
409,326,2023-03-31,42700.0,New Hire
410,327,2023-03-05,56300.0,New Hire
411,328,2023-03-16,69600.0,New Hire
412,329,2023-03-28,55600.0,New Hire
413,330,2023-03-10,74500.0,New Hire
414,331,2023-03-06,63400.0,New Hire
415,332,2023-03-19,52500.0,New Hire
416,333,2023-03-12,59200.0,New Hire
417,334,2023-03-06,48000.0,New Hire
418,335,2023-03-11,64700.0,New Hire
419,336,2023-03-22,71500.0,New Hire
420,337,2023-03-10,129000.0,New Hire
421,338,2023-03-03,76800.0,New Hire
422,339,2023-03-11,50100.0,New Hire
423,340,2023-03-28,50600.0,New Hire
424,11,2023-03-31,145900.0,Merit
425,18,2023-03-31,105700.0,Promotion
426,21,2023-03-31,165600.0,Merit
427,26,2023-03-31,120200.0,Promotion
428,32,2023-03-31,107300.0,Promotion
429,40,2023-03-31,74200.0,Merit
430,49,2023-03-31,56200.0,Merit
431,62,2023-03-31,73300.0,Merit
432,64,2023-03-31,101300.0,Promotion
433,65,2023-03-31,56600.0,Merit
434,69,2023-03-31,68500.0,Merit
435,92,2023-03-31,109700.0,Merit
436,95,2023-03-31,112200.0,Merit
437,96,2023-03-31,62100.0,Merit
438,113,2023-03-31,59200.0,Promotion
439,122,2023-03-31,84300.0,Promotion
440,131,2023-03-31,91800.0,Merit
441,135,2023-03-31,113200.0,Promotion
442,148,2023-03-31,83500.0,Merit
443,154,2023-03-31,133700.0,Merit
444,160,2023-03-31,162000.0,Merit
445,168,2023-03-31,100500.0,Merit
446,170,2023-03-31,139800.0,Promotion
447,177,2023-03-31,55900.0,Merit
448,191,2023-03-31,129900.0,Merit
449,199,2023-03-31,52700.0,Promotion
450,200,2023-03-31,100900.0,Merit
451,208,2023-03-31,95300.0,Promotion
452,252,2023-03-31,119800.0,Promotion
453,262,2023-03-31,137400.0,Promotion
454,264,2023-03-31,125600.0,Merit
455,290,2023-03-31,61400.0,Merit
456,313,2023-03-31,112900.0,Merit
457,317,2023-03-31,48600.0,Merit
458,326,2023-03-31,46600.0,Merit
459,332,2023-03-31,58500.0,Merit
460,335,2023-03-31,67800.0,Promotion
461,341,2023-04-25,87200.0,New Hire
462,342,2023-04-05,83000.0,New Hire
463,343,2023-04-26,95800.0,New Hire
464,344,2023-04-06,99300.0,New Hire
465,345,2023-04-12,51300.0,New Hire
466,346,2023-04-07,53300.0,New Hire
467,347,2023-04-24,53100.0,New Hire
468,348,2023-04-20,70900.0,New Hire
469,349,2023-04-14,61100.0,New Hire
470,350,2023-04-01,70000.0,New Hire
471,351,2023-04-07,50100.0,New Hire
472,352,2023-04-16,55900.0,New Hire
473,353,2023-04-19,46900.0,New Hire
474,354,2023-04-21,55900.0,New Hire
475,355,2023-04-26,80800.0,New Hire
476,356,2023-04-19,49700.0,New Hire
477,357,2023-04-12,59100.0,New Hire
478,358,2023-04-25,63000.0,New Hire
479,359,2023-04-27,96900.0,New Hire
480,360,2023-04-23,87900.0,New Hire
481,361,2023-04-15,100500.0,New Hire
482,362,2023-04-25,113500.0,New Hire
483,363,2023-04-04,50200.0,New Hire
484,364,2023-04-09,84800.0,New Hire
485,365,2023-05-08,70700.0,New Hire
486,366,2023-05-23,78200.0,New Hire
487,367,2023-05-24,85600.0,New Hire
488,368,2023-05-24,68200.0,New Hire
489,369,2023-05-17,71000.0,New Hire
490,370,2023-05-21,44100.0,New Hire
491,371,2023-05-14,83400.0,New Hire
492,372,2023-05-30,98500.0,New Hire
493,373,2023-05-06,73700.0,New Hire
494,374,2023-05-12,130000.0,New Hire
495,375,2023-05-01,93200.0,New Hire
496,376,2023-05-20,56800.0,New Hire
497,377,2023-05-07,43600.0,New Hire
498,378,2023-05-12,68800.0,New Hire
499,379,2023-05-14,44500.0,New Hire
500,380,2023-05-31,62200.0,New Hire
501,381,2023-05-30,92200.0,New Hire
502,382,2023-05-22,104700.0,New Hire
503,383,2023-05-24,68000.0,New Hire
504,384,2023-05-26,109900.0,New Hire
505,385,2023-05-14,53200.0,New Hire
506,386,2023-06-07,56700.0,New Hire
507,387,2023-06-01,80300.0,New Hire
508,388,2023-06-07,75000.0,New Hire
509,389,2023-06-30,51400.0,New Hire
510,390,2023-06-09,106200.0,New Hire
511,391,2023-06-23,158200.0,New Hire
512,392,2023-06-28,62400.0,New Hire
513,393,2023-06-06,83800.0,New Hire
514,394,2023-06-18,48900.0,New Hire
515,395,2023-06-26,44700.0,New Hire
516,396,2023-06-23,98300.0,New Hire
517,397,2023-06-09,50500.0,New Hire
518,398,2023-06-18,46200.0,New Hire
519,399,2023-06-12,48400.0,New Hire
520,400,2023-06-10,52600.0,New Hire
521,401,2023-06-21,141100.0,New Hire
522,402,2023-06-27,45200.0,New Hire
523,403,2023-06-27,57400.0,New Hire
524,404,2023-06-23,69000.0,New Hire
525,405,2023-06-08,43900.0,New Hire
526,406,2023-06-04,56300.0,New Hire
527,407,2023-06-11,92500.0,New Hire
528,408,2023-06-22,70400.0,New Hire
529,6,2023-06-30,114500.0,Merit
530,10,2023-06-30,104900.0,Promotion
531,13,2023-06-30,161200.0,Merit
532,19,2023-06-30,162600.0,Promotion
533,20,2023-06-30,103900.0,Promotion
534,35,2023-06-30,191400.0,Merit
535,42,2023-06-30,86400.0,Promotion
536,44,2023-06-30,56300.0,Merit
537,55,2023-06-30,97800.0,Promotion
538,66,2023-06-30,57700.0,Merit
539,75,2023-06-30,103700.0,Promotion
540,86,2023-06-30,90000.0,Merit
541,88,2023-06-30,77900.0,Promotion
542,96,2023-06-30,66800.0,Promotion
543,100,2023-06-30,53100.0,Merit
544,112,2023-06-30,47000.0,Promotion
545,118,2023-06-30,85200.0,Merit
546,127,2023-06-30,54500.0,Merit
547,139,2023-06-30,132200.0,Promotion
548,160,2023-06-30,176800.0,Merit
549,163,2023-06-30,72500.0,Merit
550,166,2023-06-30,76300.0,Merit
551,176,2023-06-30,67000.0,Merit
552,180,2023-06-30,56000.0,Merit
553,198,2023-06-30,46600.0,Merit
554,206,2023-06-30,78000.0,Merit
555,213,2023-06-30,127000.0,Merit
556,214,2023-06-30,60000.0,Merit
557,220,2023-06-30,79000.0,Promotion
558,232,2023-06-30,82200.0,Merit
559,239,2023-06-30,49000.0,Merit
560,250,2023-06-30,69500.0,Promotion
561,260,2023-06-30,76900.0,Merit
562,269,2023-06-30,56300.0,Promotion
563,274,2023-06-30,63200.0,Merit
564,277,2023-06-30,56600.0,Merit
565,284,2023-06-30,74500.0,Promotion
566,291,2023-06-30,106600.0,Merit
567,292,2023-06-30,48300.0,Merit
568,310,2023-06-30,81200.0,Promotion
569,321,2023-06-30,105600.0,Promotion
570,323,2023-06-30,52200.0,Merit
571,325,2023-06-30,68000.0,Merit
572,329,2023-06-30,62000.0,Merit
573,348,2023-06-30,78300.0,Promotion
574,361,2023-06-30,108600.0,Merit
575,362,2023-06-30,122400.0,Merit
576,369,2023-06-30,76000.0,Merit
577,375,2023-06-30,98100.0,Promotion
578,387,2023-06-30,83700.0,Promotion
579,409,2023-07-07,97000.0,New Hire
580,410,2023-07-05,92400.0,New Hire
581,411,2023-07-09,69800.0,New Hire
582,412,2023-07-17,66900.0,New Hire
583,413,2023-07-07,58500.0,New Hire
584,414,2023-07-26,119500.0,New Hire
585,415,2023-07-02,44900.0,New Hire
586,416,2023-07-01,102200.0,New Hire
587,417,2023-07-13,81800.0,New Hire
588,418,2023-07-14,97300.0,New Hire
589,419,2023-07-08,92500.0,New Hire
590,420,2023-07-13,56300.0,New Hire
591,421,2023-07-10,111300.0,New Hire
592,422,2023-07-14,73800.0,New Hire
593,423,2023-07-27,104000.0,New Hire
594,424,2023-07-13,59700.0,New Hire
595,425,2023-07-06,79000.0,New Hire
596,426,2023-07-19,51400.0,New Hire
597,427,2023-07-31,94800.0,New Hire
598,428,2023-07-15,108200.0,New Hire
599,429,2023-07-19,59600.0,New Hire
600,430,2023-07-27,62900.0,New Hire
601,431,2023-08-31,72400.0,New Hire
602,432,2023-08-15,44700.0,New Hire
603,433,2023-08-11,94400.0,New Hire
604,434,2023-08-30,49900.0,New Hire
605,435,2023-08-19,51900.0,New Hire
606,436,2023-08-19,88900.0,New Hire
607,437,2023-08-27,77600.0,New Hire
608,438,2023-08-24,97000.0,New Hire
609,439,2023-08-08,77600.0,New Hire
610,440,2023-08-04,54800.0,New Hire
611,441,2023-08-14,56700.0,New Hire
612,442,2023-08-28,80200.0,New Hire
613,443,2023-08-29,55800.0,New Hire
614,444,2023-08-10,93700.0,New Hire
615,445,2023-08-22,82100.0,New Hire
616,446,2023-08-11,46200.0,New Hire
617,447,2023-08-19,103700.0,New Hire
618,448,2023-08-30,66300.0,New Hire
619,449,2023-08-02,107200.0,New Hire
620,450,2023-08-05,104300.0,New Hire
621,451,2023-08-24,73800.0,New Hire
622,452,2023-08-24,66700.0,New Hire
623,453,2023-09-23,45400.0,New Hire
624,454,2023-09-06,111700.0,New Hire
625,455,2023-09-04,158800.0,New Hire
626,456,2023-09-22,43700.0,New Hire
627,457,2023-09-17,49300.0,New Hire
628,458,2023-09-30,44800.0,New Hire
629,459,2023-09-18,49900.0,New Hire
630,460,2023-09-23,68000.0,New Hire
631,461,2023-09-13,106000.0,New Hire
632,462,2023-09-01,98000.0,New Hire
633,463,2023-09-08,52200.0,New Hire
634,464,2023-09-24,72300.0,New Hire
635,465,2023-09-28,63700.0,New Hire
636,466,2023-09-13,71400.0,New Hire
637,467,2023-09-16,84600.0,New Hire
638,468,2023-09-16,75300.0,New Hire
639,469,2023-09-03,51400.0,New Hire
640,470,2023-09-11,103800.0,New Hire
641,471,2023-09-21,63200.0,New Hire
642,472,2023-09-13,48800.0,New Hire
643,473,2023-09-16,51700.0,New Hire
644,21,2023-09-30,173600.0,Promotion
645,26,2023-09-30,132700.0,Merit
646,34,2023-09-30,117200.0,Merit
647,39,2023-09-30,69900.0,Merit
648,43,2023-09-30,50800.0,Merit
649,47,2023-09-30,89800.0,Merit
650,61,2023-09-30,62000.0,Promotion
651,62,2023-09-30,81100.0,Merit
652,68,2023-09-30,82400.0,Promotion
653,101,2023-09-30,82000.0,Merit
654,102,2023-09-30,93500.0,Promotion
655,121,2023-09-30,103600.0,Promotion
656,129,2023-09-30,76700.0,Merit
657,154,2023-09-30,147700.0,Merit
658,167,2023-09-30,73900.0,Promotion
659,169,2023-09-30,123600.0,Merit
660,170,2023-09-30,149200.0,Merit
661,175,2023-09-30,55200.0,Merit
662,224,2023-09-30,60800.0,Promotion
663,228,2023-09-30,90900.0,Promotion
664,236,2023-09-30,87400.0,Promotion
665,249,2023-09-30,52100.0,Merit
666,257,2023-09-30,93500.0,Merit
667,267,2023-09-30,117500.0,Merit
668,273,2023-09-30,68700.0,Promotion
669,275,2023-09-30,47400.0,Merit
670,278,2023-09-30,65500.0,Merit
671,297,2023-09-30,104000.0,Promotion
672,310,2023-09-30,88300.0,Promotion
673,311,2023-09-30,111700.0,Merit
674,332,2023-09-30,61600.0,Merit
675,355,2023-09-30,86200.0,Promotion
676,358,2023-09-30,66500.0,Merit
677,402,2023-09-30,50200.0,Merit
678,406,2023-09-30,59300.0,Promotion
679,410,2023-09-30,96900.0,Merit
680,415,2023-09-30,50200.0,Promotion
681,418,2023-09-30,102400.0,Promotion
682,435,2023-09-30,56000.0,Merit
683,440,2023-09-30,58800.0,Promotion
684,441,2023-09-30,62300.0,Merit
685,446,2023-09-30,51400.0,Merit
686,447,2023-09-30,108100.0,Merit
687,460,2023-09-30,74600.0,Merit
688,467,2023-09-30,93700.0,Merit
689,472,2023-09-30,51400.0,Promotion
690,474,2023-10-25,76700.0,New Hire
691,475,2023-10-05,73700.0,New Hire
692,476,2023-10-05,54600.0,New Hire
693,477,2023-10-27,57400.0,New Hire
694,478,2023-10-22,65800.0,New Hire
695,479,2023-10-10,91400.0,New Hire
696,480,2023-10-14,78700.0,New Hire
697,481,2023-10-22,56000.0,New Hire
698,482,2023-10-11,56400.0,New Hire
699,483,2023-10-22,65300.0,New Hire
700,484,2023-10-19,91900.0,New Hire
701,485,2023-10-02,62800.0,New Hire
702,486,2023-10-07,93800.0,New Hire
703,487,2023-10-22,62600.0,New Hire
704,488,2023-10-25,105000.0,New Hire
705,489,2023-10-18,91100.0,New Hire
706,490,2023-10-06,107100.0,New Hire
707,491,2023-10-04,51100.0,New Hire
708,492,2023-11-21,83300.0,New Hire
709,493,2023-11-25,48400.0,New Hire
710,494,2023-11-03,46900.0,New Hire
711,495,2023-11-28,55200.0,New Hire
712,496,2023-11-15,70700.0,New Hire
713,497,2023-11-10,102000.0,New Hire
714,498,2023-11-08,46900.0,New Hire
715,499,2023-11-26,75800.0,New Hire
716,500,2023-11-23,64200.0,New Hire
717,501,2023-11-09,105000.0,New Hire
718,502,2023-12-22,70000.0,New Hire
719,503,2023-12-16,61600.0,New Hire
720,504,2023-12-25,44100.0,New Hire
721,505,2023-12-14,47100.0,New Hire
722,506,2023-12-16,92100.0,New Hire
723,507,2023-12-01,70200.0,New Hire
724,508,2023-12-26,153500.0,New Hire
725,9,2023-12-31,135700.0,Merit
726,34,2023-12-31,122900.0,Promotion
727,44,2023-12-31,61100.0,Promotion
728,46,2023-12-31,53100.0,Merit
729,49,2023-12-31,59800.0,Promotion
730,63,2023-12-31,123500.0,Merit
731,67,2023-12-31,55100.0,Merit
732,80,2023-12-31,104600.0,Merit
733,82,2023-12-31,81900.0,Merit
734,95,2023-12-31,117800.0,Merit
735,118,2023-12-31,88900.0,Merit
736,124,2023-12-31,54000.0,Promotion
737,125,2023-12-31,64000.0,Merit
738,128,2023-12-31,50100.0,Promotion
739,137,2023-12-31,73200.0,Merit
740,152,2023-12-31,115100.0,Merit
741,156,2023-12-31,52900.0,Promotion
742,177,2023-12-31,62200.0,Merit
743,194,2023-12-31,101400.0,Merit
744,199,2023-12-31,57300.0,Merit
745,201,2023-12-31,102200.0,Promotion
746,226,2023-12-31,89100.0,Promotion
747,240,2023-12-31,117900.0,Merit
748,241,2023-12-31,53000.0,Promotion
749,263,2023-12-31,95300.0,Merit
750,282,2023-12-31,73500.0,Merit
751,292,2023-12-31,51600.0,Promotion
752,294,2023-12-31,107600.0,Merit
753,305,2023-12-31,70200.0,Merit
754,310,2023-12-31,95500.0,Merit
755,312,2023-12-31,67200.0,Promotion
756,314,2023-12-31,51900.0,Merit
757,326,2023-12-31,51400.0,Merit
758,330,2023-12-31,81700.0,Promotion
759,334,2023-12-31,50100.0,Merit
760,337,2023-12-31,140300.0,Promotion
761,340,2023-12-31,55900.0,Merit
762,348,2023-12-31,84700.0,Merit
763,349,2023-12-31,64800.0,Merit
764,355,2023-12-31,96500.0,Promotion
765,356,2023-12-31,55500.0,Promotion
766,372,2023-12-31,109600.0,Merit
767,378,2023-12-31,76500.0,Merit
768,411,2023-12-31,75300.0,Merit
769,425,2023-12-31,85100.0,Promotion
770,426,2023-12-31,53900.0,Promotion
771,431,2023-12-31,75700.0,Merit
772,441,2023-12-31,66800.0,Merit
773,450,2023-12-31,113000.0,Merit
774,454,2023-12-31,121900.0,Promotion
775,464,2023-12-31,78800.0,Promotion
776,470,2023-12-31,112300.0,Merit
777,479,2023-12-31,96700.0,Merit
778,487,2023-12-31,65700.0,Merit
779,488,2023-12-31,113900.0,Promotion
780,494,2023-12-31,51300.0,Merit
781,509,2024-01-14,101500.0,New Hire
782,510,2024-01-23,71700.0,New Hire
783,511,2024-01-02,60000.0,New Hire
784,512,2024-01-09,88800.0,New Hire
785,513,2024-01-29,109500.0,New Hire
786,514,2024-01-21,70000.0,New Hire
787,515,2024-01-04,64400.0,New Hire
788,516,2024-01-11,92600.0,New Hire
789,517,2024-01-23,71600.0,New Hire
790,518,2024-01-26,60300.0,New Hire
791,519,2024-01-08,69200.0,New Hire
792,520,2024-01-17,45600.0,New Hire
793,521,2024-01-24,55700.0,New Hire
794,522,2024-01-26,104900.0,New Hire
795,523,2024-01-07,56500.0,New Hire
796,524,2024-01-07,44800.0,New Hire
797,525,2024-01-16,89600.0,New Hire
798,526,2024-01-02,42100.0,New Hire
799,527,2024-01-30,73100.0,New Hire
800,528,2024-01-15,90900.0,New Hire
801,529,2024-01-06,109600.0,New Hire
802,530,2024-01-13,108800.0,New Hire
803,531,2024-01-10,47000.0,New Hire
804,532,2024-01-29,70100.0,New Hire
805,533,2024-01-18,144900.0,New Hire
806,534,2024-01-25,62500.0,New Hire
807,535,2024-01-20,98500.0,New Hire
808,536,2024-01-04,121200.0,New Hire
809,537,2024-01-14,84700.0,New Hire
810,538,2024-01-26,58200.0,New Hire
811,539,2024-02-03,50000.0,New Hire
812,540,2024-02-03,67500.0,New Hire
813,541,2024-02-21,67400.0,New Hire
814,542,2024-02-10,71000.0,New Hire
815,543,2024-02-26,50100.0,New Hire
816,544,2024-02-17,94300.0,New Hire
817,545,2024-02-06,48100.0,New Hire
818,546,2024-02-20,44800.0,New Hire
819,547,2024-02-18,74800.0,New Hire
820,548,2024-02-24,125600.0,New Hire
821,549,2024-02-02,59300.0,New Hire
822,550,2024-02-16,73700.0,New Hire
823,551,2024-02-09,64700.0,New Hire
824,552,2024-02-28,107000.0,New Hire
825,553,2024-02-15,114600.0,New Hire
826,554,2024-02-02,70300.0,New Hire
827,555,2024-02-13,91300.0,New Hire
828,556,2024-02-22,114400.0,New Hire
829,557,2024-02-21,109600.0,New Hire
830,558,2024-02-25,86300.0,New Hire
831,559,2024-02-02,103800.0,New Hire
832,560,2024-02-21,51600.0,New Hire
833,561,2024-02-18,66100.0,New Hire
834,562,2024-02-07,93500.0,New Hire
835,563,2024-02-15,64200.0,New Hire
836,564,2024-02-07,65900.0,New Hire
837,565,2024-02-08,66300.0,New Hire
838,566,2024-02-02,45600.0,New Hire
839,567,2024-03-25,70500.0,New Hire
840,568,2024-03-17,77100.0,New Hire
841,569,2024-03-16,64500.0,New Hire
842,570,2024-03-07,70200.0,New Hire
843,571,2024-03-17,94700.0,New Hire
844,572,2024-03-15,43400.0,New Hire
845,573,2024-03-17,53100.0,New Hire
846,574,2024-03-26,52100.0,New Hire
847,575,2024-03-16,83000.0,New Hire
848,576,2024-03-05,96500.0,New Hire
849,577,2024-03-10,112700.0,New Hire
850,578,2024-03-24,91900.0,New Hire
851,579,2024-03-14,157300.0,New Hire
852,580,2024-03-19,94000.0,New Hire
853,581,2024-03-11,58500.0,New Hire
854,582,2024-03-17,85500.0,New Hire
855,583,2024-03-21,98300.0,New Hire
856,584,2024-03-31,115300.0,New Hire
857,585,2024-03-20,46000.0,New Hire
858,586,2024-03-09,64400.0,New Hire
859,587,2024-03-22,63200.0,New Hire
860,588,2024-03-05,98600.0,New Hire
861,589,2024-03-24,53300.0,New Hire
862,590,2024-03-07,50500.0,New Hire
863,13,2024-03-31,169900.0,Merit
864,49,2024-03-31,63100.0,Merit
865,53,2024-03-31,121700.0,Merit
866,64,2024-03-31,106800.0,Merit
867,77,2024-03-31,76600.0,Merit
868,80,2024-03-31,115700.0,Merit
869,82,2024-03-31,90000.0,Promotion
870,110,2024-03-31,109000.0,Merit
871,123,2024-03-31,105700.0,Merit
872,126,2024-03-31,75100.0,Merit
873,127,2024-03-31,56700.0,Merit
874,145,2024-03-31,83800.0,Merit
875,149,2024-03-31,98700.0,Promotion
876,151,2024-03-31,74500.0,Merit
877,164,2024-03-31,143200.0,Promotion
878,175,2024-03-31,58700.0,Merit
879,183,2024-03-31,82100.0,Promotion
880,185,2024-03-31,59200.0,Merit
881,202,2024-03-31,58900.0,Merit
882,221,2024-03-31,80200.0,Merit
883,222,2024-03-31,60200.0,Merit
884,233,2024-03-31,65900.0,Merit
885,244,2024-03-31,83900.0,Merit
886,249,2024-03-31,55900.0,Merit
887,251,2024-03-31,118800.0,Promotion
888,259,2024-03-31,79100.0,Merit
889,267,2024-03-31,124800.0,Merit
890,271,2024-03-31,62100.0,Promotion
891,278,2024-03-31,71300.0,Promotion
892,287,2024-03-31,110500.0,Merit
893,290,2024-03-31,64000.0,Promotion
894,293,2024-03-31,64400.0,Merit
895,315,2024-03-31,48700.0,Merit
896,326,2024-03-31,57200.0,Promotion
897,333,2024-03-31,65000.0,Merit
898,335,2024-03-31,74500.0,Merit
899,350,2024-03-31,73900.0,Merit
900,357,2024-03-31,62900.0,Promotion
901,360,2024-03-31,94800.0,Promotion
902,372,2024-03-31,114600.0,Merit
903,377,2024-03-31,47200.0,Promotion
904,380,2024-03-31,67900.0,Promotion
905,409,2024-03-31,102200.0,Merit
906,420,2024-03-31,60000.0,Merit
907,428,2024-03-31,115700.0,Merit
908,436,2024-03-31,93100.0,Merit
909,437,2024-03-31,83500.0,Merit
910,450,2024-03-31,121600.0,Merit
911,467,2024-03-31,102000.0,Merit
912,470,2024-03-31,118000.0,Promotion
913,484,2024-03-31,99400.0,Promotion
914,500,2024-03-31,67100.0,Merit
915,516,2024-03-31,98900.0,Promotion
916,518,2024-03-31,67000.0,Promotion
917,522,2024-03-31,113700.0,Promotion
918,536,2024-03-31,134000.0,Promotion
919,537,2024-03-31,91400.0,Promotion
920,559,2024-03-31,114900.0,Merit
921,568,2024-03-31,81900.0,Merit
922,591,2024-04-01,67900.0,New Hire
923,592,2024-04-07,125200.0,New Hire
924,593,2024-04-21,52300.0,New Hire
925,594,2024-04-29,101100.0,New Hire
926,595,2024-04-01,47000.0,New Hire
927,596,2024-04-11,113900.0,New Hire
928,597,2024-04-24,75900.0,New Hire
929,598,2024-04-05,58200.0,New Hire
930,599,2024-04-04,44100.0,New Hire
931,600,2024-04-20,80100.0,New Hire
932,601,2024-04-12,89800.0,New Hire
933,602,2024-04-11,94400.0,New Hire
934,603,2024-04-25,64100.0,New Hire
935,604,2024-04-17,115100.0,New Hire
936,605,2024-04-24,91100.0,New Hire
937,606,2024-04-05,45600.0,New Hire
938,607,2024-04-12,72200.0,New Hire
939,608,2024-04-02,69500.0,New Hire
940,609,2024-04-08,70300.0,New Hire
941,610,2024-04-07,51300.0,New Hire
942,611,2024-04-04,89700.0,New Hire
943,612,2024-04-28,89200.0,New Hire
944,613,2024-04-13,53300.0,New Hire
945,614,2024-04-12,158800.0,New Hire
946,615,2024-04-17,91200.0,New Hire
947,616,2024-04-13,150800.0,New Hire
948,617,2024-04-13,53000.0,New Hire
949,618,2024-04-14,84800.0,New Hire
950,619,2024-05-30,97600.0,New Hire
951,620,2024-05-08,102600.0,New Hire
952,621,2024-05-24,43600.0,New Hire
953,622,2024-05-08,109300.0,New Hire
954,623,2024-05-14,48900.0,New Hire
955,624,2024-05-29,48000.0,New Hire
956,625,2024-05-13,44800.0,New Hire
957,626,2024-05-26,79700.0,New Hire
958,627,2024-05-03,80600.0,New Hire
959,628,2024-05-08,57300.0,New Hire
960,629,2024-05-18,72100.0,New Hire
961,630,2024-05-23,92500.0,New Hire
962,631,2024-05-27,91000.0,New Hire
963,632,2024-05-07,47500.0,New Hire
964,633,2024-05-09,60400.0,New Hire
965,634,2024-05-09,76000.0,New Hire
966,635,2024-05-25,148300.0,New Hire
967,636,2024-05-04,65900.0,New Hire
968,637,2024-05-27,60200.0,New Hire
969,638,2024-05-15,77100.0,New Hire
970,639,2024-05-04,55200.0,New Hire
971,640,2024-05-05,68400.0,New Hire
972,641,2024-05-20,48000.0,New Hire
973,642,2024-05-23,85000.0,New Hire
974,643,2024-05-23,93200.0,New Hire
975,644,2024-05-18,69700.0,New Hire
976,645,2024-06-07,60800.0,New Hire
977,646,2024-06-26,90400.0,New Hire
978,647,2024-06-06,52600.0,New Hire
979,648,2024-06-05,52700.0,New Hire
980,649,2024-06-04,91200.0,New Hire
981,650,2024-06-10,97200.0,New Hire
982,651,2024-06-09,108300.0,New Hire
983,652,2024-06-13,76200.0,New Hire
984,653,2024-06-21,64500.0,New Hire
985,654,2024-06-04,56800.0,New Hire
986,655,2024-06-18,110200.0,New Hire
987,656,2024-06-05,53800.0,New Hire
988,657,2024-06-15,92200.0,New Hire
989,658,2024-06-02,49900.0,New Hire
990,659,2024-06-14,57700.0,New Hire
991,660,2024-06-23,110000.0,New Hire
992,661,2024-06-11,44800.0,New Hire
993,662,2024-06-13,55100.0,New Hire
994,663,2024-06-28,105100.0,New Hire
995,17,2024-06-30,166900.0,Merit
996,21,2024-06-30,192900.0,Merit
997,26,2024-06-30,148600.0,Merit
998,27,2024-06-30,125800.0,Promotion
999,32,2024-06-30,119000.0,Merit
1000,55,2024-06-30,103600.0,Merit
1001,80,2024-06-30,122300.0,Merit
1002,97,2024-06-30,128900.0,Merit
1003,106,2024-06-30,70900.0,Promotion
1004,110,2024-06-30,114800.0,Merit
1005,113,2024-06-30,64500.0,Promotion
1006,116,2024-06-30,94100.0,Promotion
1007,123,2024-06-30,117700.0,Merit
1008,124,2024-06-30,59100.0,Promotion
1009,136,2024-06-30,102600.0,Merit
1010,160,2024-06-30,186300.0,Merit
1011,181,2024-06-30,149400.0,Merit
1012,185,2024-06-30,65900.0,Promotion
1013,196,2024-06-30,57400.0,Merit
1014,200,2024-06-30,107700.0,Promotion
1015,207,2024-06-30,131100.0,Promotion
1016,212,2024-06-30,154900.0,Promotion
1017,219,2024-06-30,51400.0,Merit
1018,227,2024-06-30,88400.0,Promotion
1019,239,2024-06-30,54000.0,Promotion
1020,248,2024-06-30,138800.0,Promotion
1021,252,2024-06-30,132600.0,Promotion
1022,256,2024-06-30,162300.0,Merit
1023,262,2024-06-30,152100.0,Merit
1024,264,2024-06-30,136500.0,Merit
1025,293,2024-06-30,71300.0,Promotion
1026,313,2024-06-30,126100.0,Merit
1027,330,2024-06-30,88500.0,Merit
1028,337,2024-06-30,148600.0,Merit
1029,339,2024-06-30,52800.0,Merit
1030,344,2024-06-30,106500.0,Merit
1031,347,2024-06-30,55700.0,Merit
1032,351,2024-06-30,52900.0,Promotion
1033,355,2024-06-30,102000.0,Merit
1034,387,2024-06-30,88300.0,Merit
1035,396,2024-06-30,109500.0,Merit
1036,397,2024-06-30,52600.0,Merit
1037,404,2024-06-30,72000.0,Promotion
1038,405,2024-06-30,48300.0,Promotion
1039,409,2024-06-30,110100.0,Merit
1040,421,2024-06-30,118200.0,Merit
1041,437,2024-06-30,93400.0,Merit
1042,440,2024-06-30,61600.0,Merit
1043,448,2024-06-30,71800.0,Promotion
1044,458,2024-06-30,49500.0,Promotion
1045,472,2024-06-30,56300.0,Promotion
1046,484,2024-06-30,106500.0,Promotion
1047,488,2024-06-30,120100.0,Merit
1048,507,2024-06-30,77900.0,Promotion
1049,519,2024-06-30,72500.0,Promotion
1050,524,2024-06-30,49400.0,Merit
1051,525,2024-06-30,95800.0,Promotion
1052,530,2024-06-30,121100.0,Promotion
1053,541,2024-06-30,72100.0,Merit
1054,545,2024-06-30,50200.0,Promotion
1055,547,2024-06-30,83100.0,Merit
1056,579,2024-06-30,164700.0,Merit
1057,605,2024-06-30,95100.0,Merit
1058,610,2024-06-30,57000.0,Merit
1059,623,2024-06-30,54400.0,Merit
1060,633,2024-06-30,65700.0,Promotion
1061,657,2024-06-30,97600.0,Merit
1062,659,2024-06-30,62300.0,Merit
1063,660,2024-06-30,118100.0,Promotion
1064,663,2024-06-30,111000.0,Merit
1065,664,2024-07-02,45800.0,New Hire
1066,665,2024-07-01,57200.0,New Hire
1067,666,2024-07-14,63000.0,New Hire
1068,667,2024-07-08,141500.0,New Hire
1069,668,2024-07-27,42000.0,New Hire
1070,669,2024-07-15,61200.0,New Hire
1071,670,2024-07-10,52400.0,New Hire
1072,671,2024-07-08,73900.0,New Hire
1073,672,2024-07-24,80600.0,New Hire
1074,673,2024-07-18,44000.0,New Hire
1075,674,2024-07-28,51400.0,New Hire
1076,675,2024-07-01,68100.0,New Hire
1077,676,2024-07-02,148000.0,New Hire
1078,677,2024-07-07,81000.0,New Hire
1079,678,2024-07-06,103200.0,New Hire
1080,679,2024-07-06,49800.0,New Hire
1081,680,2024-07-10,64000.0,New Hire
1082,681,2024-07-03,94900.0,New Hire
1083,682,2024-07-06,61200.0,New Hire
1084,683,2024-07-16,94300.0,New Hire
1085,684,2024-07-13,55100.0,New Hire
1086,685,2024-07-09,107200.0,New Hire
1087,686,2024-08-20,58600.0,New Hire
1088,687,2024-08-22,65500.0,New Hire
1089,688,2024-08-14,98500.0,New Hire
1090,689,2024-08-13,52400.0,New Hire
1091,690,2024-08-03,63400.0,New Hire
1092,691,2024-08-05,44700.0,New Hire
1093,692,2024-08-12,54200.0,New Hire
1094,693,2024-08-03,109300.0,New Hire
1095,694,2024-08-04,88400.0,New Hire
1096,695,2024-08-12,76300.0,New Hire
1097,696,2024-08-09,65900.0,New Hire
1098,697,2024-08-07,104100.0,New Hire
1099,698,2024-08-06,101000.0,New Hire
1100,699,2024-08-16,113000.0,New Hire
1101,700,2024-08-09,81700.0,New Hire
1102,701,2024-08-10,65000.0,New Hire
1103,702,2024-08-28,46400.0,New Hire
1104,703,2024-08-08,52800.0,New Hire
1105,704,2024-08-24,99000.0,New Hire
1106,705,2024-08-10,82200.0,New Hire
1107,706,2024-08-06,86500.0,New Hire
1108,707,2024-08-29,66000.0,New Hire
1109,708,2024-09-01,115600.0,New Hire
1110,709,2024-09-13,51300.0,New Hire
1111,710,2024-09-04,70900.0,New Hire
1112,711,2024-09-24,92900.0,New Hire
1113,712,2024-09-29,104900.0,New Hire
1114,713,2024-09-17,79600.0,New Hire
1115,714,2024-09-24,50400.0,New Hire
1116,715,2024-09-22,62500.0,New Hire
1117,716,2024-09-28,104900.0,New Hire
1118,717,2024-09-13,46200.0,New Hire
1119,718,2024-09-30,79500.0,New Hire
1120,719,2024-09-09,48800.0,New Hire
1121,720,2024-09-12,45300.0,New Hire
1122,721,2024-09-19,75300.0,New Hire
1123,722,2024-09-08,90800.0,New Hire
1124,723,2024-09-30,65900.0,New Hire
1125,724,2024-09-18,56200.0,New Hire
1126,725,2024-09-20,69400.0,New Hire
1127,726,2024-09-07,55200.0,New Hire
1128,727,2024-09-17,132900.0,New Hire
1129,728,2024-09-21,103200.0,New Hire
1130,729,2024-09-26,97100.0,New Hire
1131,730,2024-09-01,55700.0,New Hire
1132,731,2024-09-15,66200.0,New Hire
1133,732,2024-09-17,102100.0,New Hire
1134,4,2024-09-30,115500.0,Merit
1135,9,2024-09-30,147900.0,Promotion
1136,18,2024-09-30,115200.0,Merit
1137,34,2024-09-30,137000.0,Promotion
1138,89,2024-09-30,98500.0,Promotion
1139,122,2024-09-30,93400.0,Promotion
1140,148,2024-09-30,89500.0,Promotion
1141,161,2024-09-30,111900.0,Merit
1142,163,2024-09-30,78800.0,Merit
1143,169,2024-09-30,132500.0,Merit
1144,170,2024-09-30,158100.0,Merit
1145,172,2024-09-30,80000.0,Merit
1146,182,2024-09-30,47400.0,Merit
1147,192,2024-09-30,63800.0,Merit
1148,194,2024-09-30,113000.0,Merit
1149,201,2024-09-30,108900.0,Merit
1150,207,2024-09-30,140900.0,Promotion
1151,219,2024-09-30,54200.0,Merit
1152,224,2024-09-30,67100.0,Merit
1153,239,2024-09-30,56900.0,Merit
1154,241,2024-09-30,58600.0,Merit
1155,242,2024-09-30,94800.0,Promotion
1156,262,2024-09-30,166000.0,Merit
1157,264,2024-09-30,146400.0,Promotion
1158,275,2024-09-30,49700.0,Merit
1159,285,2024-09-30,72800.0,Merit
1160,290,2024-09-30,68600.0,Promotion
1161,292,2024-09-30,54200.0,Merit
1162,311,2024-09-30,117400.0,Promotion
1163,341,2024-09-30,92700.0,Promotion
1164,345,2024-09-30,55700.0,Merit
1165,350,2024-09-30,77700.0,Merit
1166,356,2024-09-30,61400.0,Promotion
1167,364,2024-09-30,93900.0,Merit
1168,371,2024-09-30,92000.0,Merit
1169,383,2024-09-30,74300.0,Promotion
1170,384,2024-09-30,120600.0,Merit
1171,425,2024-09-30,90100.0,Promotion
1172,436,2024-09-30,101800.0,Merit
1173,448,2024-09-30,76400.0,Promotion
1174,451,2024-09-30,80600.0,Merit
1175,454,2024-09-30,131700.0,Promotion
1176,459,2024-09-30,52500.0,Merit
1177,470,2024-09-30,131200.0,Promotion
1178,479,2024-09-30,105100.0,Promotion
1179,482,2024-09-30,60000.0,Merit
1180,487,2024-09-30,69900.0,Merit
1181,505,2024-09-30,52300.0,Promotion
1182,508,2024-09-30,163300.0,Merit
1183,514,2024-09-30,74000.0,Merit
1184,515,2024-09-30,68100.0,Merit
1185,548,2024-09-30,137900.0,Merit
1186,552,2024-09-30,112600.0,Promotion
1187,558,2024-09-30,91700.0,Merit
1188,581,2024-09-30,61700.0,Merit
1189,603,2024-09-30,71200.0,Merit
1190,610,2024-09-30,62300.0,Merit
1191,611,2024-09-30,96500.0,Promotion
1192,622,2024-09-30,121700.0,Merit
1193,624,2024-09-30,53200.0,Promotion
1194,648,2024-09-30,56500.0,Promotion
1195,653,2024-09-30,69200.0,Merit
1196,655,2024-09-30,122000.0,Merit
1197,656,2024-09-30,59800.0,Promotion
1198,668,2024-09-30,45800.0,Merit
1199,672,2024-09-30,86300.0,Promotion
1200,674,2024-09-30,54800.0,Merit
1201,677,2024-09-30,85200.0,Promotion
1202,681,2024-09-30,101100.0,Promotion
1203,709,2024-09-30,55900.0,Merit
1204,712,2024-09-30,116100.0,Promotion
1205,724,2024-09-30,59700.0,Promotion
1206,732,2024-09-30,110400.0,Merit
1207,733,2024-10-09,100000.0,New Hire
1208,734,2024-10-22,51700.0,New Hire
1209,735,2024-10-05,71200.0,New Hire
1210,736,2024-10-14,102000.0,New Hire
1211,737,2024-10-02,84700.0,New Hire
1212,738,2024-10-06,88100.0,New Hire
1213,739,2024-10-20,88200.0,New Hire
1214,740,2024-10-30,94700.0,New Hire
1215,741,2024-10-09,96900.0,New Hire
1216,742,2024-10-07,91800.0,New Hire
1217,743,2024-10-19,146700.0,New Hire
1218,744,2024-10-24,48200.0,New Hire
1219,745,2024-10-26,105800.0,New Hire
1220,746,2024-10-29,108500.0,New Hire
1221,747,2024-10-23,65900.0,New Hire
1222,748,2024-10-19,64100.0,New Hire
1223,749,2024-10-20,90500.0,New Hire
1224,750,2024-10-03,114300.0,New Hire
1225,751,2024-10-27,47200.0,New Hire
1226,752,2024-10-02,42600.0,New Hire
1227,753,2024-10-18,102800.0,New Hire
1228,754,2024-10-04,50200.0,New Hire
1229,755,2024-10-19,103200.0,New Hire
1230,756,2024-10-27,44200.0,New Hire
1231,757,2024-10-26,51200.0,New Hire
1232,758,2024-11-22,90200.0,New Hire
1233,759,2024-11-20,90000.0,New Hire
1234,760,2024-11-25,55300.0,New Hire
1235,761,2024-11-08,138800.0,New Hire
1236,762,2024-11-27,81300.0,New Hire
1237,763,2024-11-04,124900.0,New Hire
1238,764,2024-11-09,70200.0,New Hire
1239,765,2024-12-14,51600.0,New Hire
1240,766,2024-12-19,148700.0,New Hire
1241,767,2024-12-27,84800.0,New Hire
1242,768,2024-12-12,74800.0,New Hire
1243,769,2024-12-22,43400.0,New Hire
1244,770,2024-12-18,60300.0,New Hire
1245,771,2024-12-08,81200.0,New Hire
1246,772,2024-12-22,99800.0,New Hire
1247,773,2024-12-08,93900.0,New Hire
1248,774,2024-12-21,61900.0,New Hire
1249,3,2024-12-31,131300.0,Promotion
1250,4,2024-12-31,123600.0,Merit
1251,12,2024-12-31,106300.0,Merit
1252,16,2024-12-31,133300.0,Merit
1253,18,2024-12-31,123300.0,Merit
1254,34,2024-12-31,144700.0,Merit
1255,46,2024-12-31,55600.0,Merit
1256,66,2024-12-31,64600.0,Merit
1257,71,2024-12-31,89100.0,Promotion
1258,94,2024-12-31,48800.0,Promotion
1259,96,2024-12-31,70300.0,Merit
1260,111,2024-12-31,85400.0,Promotion
1261,112,2024-12-31,50400.0,Promotion
1262,123,2024-12-31,125300.0,Promotion
1263,153,2024-12-31,88200.0,Merit
1264,155,2024-12-31,95300.0,Promotion
1265,164,2024-12-31,157700.0,Merit
1266,180,2024-12-31,59000.0,Merit
1267,199,2024-12-31,61300.0,Merit
1268,219,2024-12-31,59800.0,Merit
1269,221,2024-12-31,89300.0,Promotion
1270,236,2024-12-31,95700.0,Promotion
1271,241,2024-12-31,65500.0,Promotion
1272,245,2024-12-31,110900.0,Merit
1273,252,2024-12-31,138400.0,Merit
1274,256,2024-12-31,178200.0,Merit
1275,279,2024-12-31,52400.0,Merit
1276,290,2024-12-31,76300.0,Promotion
1277,294,2024-12-31,118800.0,Merit
1278,304,2024-12-31,51200.0,Promotion
1279,324,2024-12-31,61400.0,Merit
1280,325,2024-12-31,72500.0,Promotion
1281,341,2024-12-31,97900.0,Promotion
1282,347,2024-12-31,62100.0,Promotion
1283,355,2024-12-31,107700.0,Merit
1284,359,2024-12-31,104400.0,Promotion
1285,360,2024-12-31,104900.0,Promotion
1286,362,2024-12-31,136100.0,Promotion
1287,363,2024-12-31,52900.0,Merit
1288,364,2024-12-31,102400.0,Promotion
1289,367,2024-12-31,89900.0,Merit
1290,373,2024-12-31,80500.0,Promotion
1291,413,2024-12-31,63300.0,Merit
1292,425,2024-12-31,97200.0,Merit
1293,432,2024-12-31,49100.0,Merit
1294,439,2024-12-31,83700.0,Promotion
1295,457,2024-12-31,53900.0,Merit
1296,481,2024-12-31,58800.0,Merit
1297,492,2024-12-31,90500.0,Merit
1298,500,2024-12-31,70600.0,Merit
1299,511,2024-12-31,66900.0,Merit
1300,523,2024-12-31,59200.0,Promotion
1301,524,2024-12-31,55300.0,Merit
1302,529,2024-12-31,114400.0,Merit
1303,532,2024-12-31,73500.0,Merit
1304,538,2024-12-31,65200.0,Merit
1305,545,2024-12-31,54700.0,Merit
1306,563,2024-12-31,70900.0,Merit
1307,570,2024-12-31,76000.0,Merit
1308,600,2024-12-31,87300.0,Merit
1309,615,2024-12-31,102000.0,Promotion
1310,617,2024-12-31,55700.0,Promotion
1311,619,2024-12-31,104000.0,Promotion
1312,629,2024-12-31,75400.0,Promotion
1313,630,2024-12-31,98100.0,Promotion
1314,666,2024-12-31,69800.0,Promotion
1315,667,2024-12-31,154100.0,Merit
1316,685,2024-12-31,117600.0,Merit
1317,699,2024-12-31,126200.0,Merit
1318,701,2024-12-31,69600.0,Merit
1319,711,2024-12-31,101400.0,Merit
1320,714,2024-12-31,53100.0,Merit
1321,716,2024-12-31,109100.0,Merit
1322,721,2024-12-31,82100.0,Promotion
1323,744,2024-12-31,51100.0,Merit
1324,750,2024-12-31,118900.0,Merit
1325,757,2024-12-31,53900.0,Promotion
1326,772,2024-12-31,105700.0,Merit
1327,774,2024-12-31,68100.0,Merit
1328,775,2025-01-14,53700.0,New Hire
1329,776,2025-01-22,79500.0,New Hire
1330,777,2025-01-28,47800.0,New Hire
1331,778,2025-01-05,68000.0,New Hire
1332,779,2025-01-30,111500.0,New Hire
1333,780,2025-01-17,50800.0,New Hire
1334,781,2025-01-30,67600.0,New Hire
1335,782,2025-01-28,86600.0,New Hire
1336,783,2025-01-16,92900.0,New Hire
1337,784,2025-01-18,94700.0,New Hire
1338,785,2025-01-08,64900.0,New Hire
1339,786,2025-01-22,115000.0,New Hire
1340,787,2025-01-13,87000.0,New Hire
1341,788,2025-01-30,96800.0,New Hire
1342,789,2025-01-28,90700.0,New Hire
1343,790,2025-01-08,105400.0,New Hire
1344,791,2025-01-16,109900.0,New Hire
1345,792,2025-01-30,87100.0,New Hire
1346,793,2025-01-05,42200.0,New Hire
1347,794,2025-01-25,43100.0,New Hire
1348,795,2025-01-08,57000.0,New Hire
1349,796,2025-01-05,56300.0,New Hire
1350,797,2025-01-12,70500.0,New Hire
1351,798,2025-01-10,59700.0,New Hire
1352,799,2025-01-30,75400.0,New Hire
1353,800,2025-01-06,112800.0,New Hire
1354,801,2025-01-30,68800.0,New Hire
1355,802,2025-01-14,52000.0,New Hire
1356,803,2025-01-07,87600.0,New Hire
1357,804,2025-01-24,92500.0,New Hire
1358,805,2025-01-31,56800.0,New Hire
1359,806,2025-01-03,96000.0,New Hire
1360,807,2025-01-16,99600.0,New Hire
1361,808,2025-02-17,109600.0,New Hire
1362,809,2025-02-14,67600.0,New Hire
1363,810,2025-02-21,57600.0,New Hire
1364,811,2025-02-15,84600.0,New Hire
1365,812,2025-02-15,56500.0,New Hire
1366,813,2025-02-13,90300.0,New Hire
1367,814,2025-02-01,48400.0,New Hire
1368,815,2025-02-18,66700.0,New Hire
1369,816,2025-02-15,92200.0,New Hire
1370,817,2025-02-03,101500.0,New Hire
1371,818,2025-02-23,48700.0,New Hire
1372,819,2025-02-16,71100.0,New Hire
1373,820,2025-02-19,61400.0,New Hire
1374,821,2025-02-03,50800.0,New Hire
1375,822,2025-02-01,66300.0,New Hire
1376,823,2025-02-22,53800.0,New Hire
1377,824,2025-02-20,60300.0,New Hire
1378,825,2025-02-02,56900.0,New Hire
1379,826,2025-02-07,62600.0,New Hire
1380,827,2025-02-24,93100.0,New Hire
1381,828,2025-02-02,104500.0,New Hire
1382,829,2025-02-27,95700.0,New Hire
1383,830,2025-02-19,77900.0,New Hire
1384,831,2025-02-03,83900.0,New Hire
1385,832,2025-02-17,77100.0,New Hire
1386,833,2025-02-07,51000.0,New Hire
1387,834,2025-02-28,65500.0,New Hire
1388,835,2025-02-06,101000.0,New Hire
1389,836,2025-02-09,79000.0,New Hire
1390,837,2025-02-18,117000.0,New Hire
1391,838,2025-02-26,69100.0,New Hire
1392,839,2025-03-10,67200.0,New Hire
1393,840,2025-03-26,70700.0,New Hire
1394,841,2025-03-17,43300.0,New Hire
1395,842,2025-03-07,107700.0,New Hire
1396,843,2025-03-10,58200.0,New Hire
1397,844,2025-03-01,70400.0,New Hire
1398,845,2025-03-29,61800.0,New Hire
1399,846,2025-03-01,43800.0,New Hire
1400,847,2025-03-30,109700.0,New Hire
1401,848,2025-03-10,57600.0,New Hire
1402,849,2025-03-28,113300.0,New Hire
1403,850,2025-03-17,68400.0,New Hire
1404,851,2025-03-17,67300.0,New Hire
1405,852,2025-03-03,99500.0,New Hire
1406,853,2025-03-16,58300.0,New Hire
1407,854,2025-03-07,64900.0,New Hire
1408,855,2025-03-27,54000.0,New Hire
1409,856,2025-03-24,133500.0,New Hire
1410,857,2025-03-29,96000.0,New Hire
1411,858,2025-03-14,92000.0,New Hire
1412,859,2025-03-10,146800.0,New Hire
1413,860,2025-03-06,75700.0,New Hire
1414,861,2025-03-28,66500.0,New Hire
1415,862,2025-03-02,64400.0,New Hire
1416,863,2025-03-08,74700.0,New Hire
1417,864,2025-03-08,70100.0,New Hire
1418,865,2025-03-07,52500.0,New Hire
1419,866,2025-03-25,61200.0,New Hire
1420,867,2025-03-11,72600.0,New Hire
1421,868,2025-03-21,48700.0,New Hire
1422,869,2025-03-05,90600.0,New Hire
1423,10,2025-03-31,115800.0,Merit
1424,20,2025-03-31,112700.0,Promotion
1425,30,2025-03-31,119800.0,Merit
1426,44,2025-03-31,66400.0,Promotion
1427,47,2025-03-31,96600.0,Merit
1428,62,2025-03-31,87500.0,Merit
1429,72,2025-03-31,103600.0,Promotion
1430,105,2025-03-31,63100.0,Merit
1431,111,2025-03-31,92400.0,Merit
1432,126,2025-03-31,83800.0,Promotion
1433,140,2025-03-31,71500.0,Merit
1434,141,2025-03-31,61600.0,Merit
1435,147,2025-03-31,89900.0,Merit
1436,156,2025-03-31,58700.0,Promotion
1437,164,2025-03-31,173800.0,Merit
1438,180,2025-03-31,65600.0,Merit
1439,183,2025-03-31,89900.0,Merit
1440,194,2025-03-31,117600.0,Merit
1441,201,2025-03-31,119800.0,Promotion
1442,203,2025-03-31,75700.0,Merit
1443,211,2025-03-31,83800.0,Promotion
1444,301,2025-03-31,155500.0,Merit
1445,304,2025-03-31,56300.0,Promotion
1446,334,2025-03-31,55900.0,Promotion
1447,336,2025-03-31,78700.0,Merit
1448,345,2025-03-31,58500.0,Promotion
1449,350,2025-03-31,82200.0,Merit
1450,369,2025-03-31,79600.0,Promotion
1451,373,2025-03-31,85900.0,Merit
1452,383,2025-03-31,79200.0,Promotion
1453,386,2025-03-31,61700.0,Promotion
1454,387,2025-03-31,93300.0,Promotion
1455,404,2025-03-31,75400.0,Merit
1456,442,2025-03-31,86800.0,Promotion
1457,443,2025-03-31,58200.0,Merit
1458,445,2025-03-31,87000.0,Promotion
1459,448,2025-03-31,80800.0,Merit
1460,453,2025-03-31,50400.0,Merit
1461,459,2025-03-31,58000.0,Merit
1462,470,2025-03-31,139700.0,Promotion
1463,475,2025-03-31,81700.0,Merit
1464,477,2025-03-31,61400.0,Merit
1465,478,2025-03-31,71400.0,Promotion
1466,487,2025-03-31,74400.0,Merit
1467,495,2025-03-31,59000.0,Merit
1468,498,2025-03-31,51300.0,Merit
1469,540,2025-03-31,74500.0,Promotion
1470,550,2025-03-31,78200.0,Promotion
1471,552,2025-03-31,120300.0,Promotion
1472,553,2025-03-31,127000.0,Promotion
1473,563,2025-03-31,79200.0,Promotion
1474,583,2025-03-31,107200.0,Promotion
1475,593,2025-03-31,54700.0,Merit
1476,595,2025-03-31,51700.0,Promotion
1477,605,2025-03-31,99800.0,Promotion
1478,618,2025-03-31,93000.0,Promotion
1479,629,2025-03-31,78700.0,Merit
1480,640,2025-03-31,74700.0,Merit
1481,642,2025-03-31,88400.0,Merit
1482,652,2025-03-31,79500.0,Merit
1483,669,2025-03-31,68000.0,Merit
1484,675,2025-03-31,73000.0,Merit
1485,684,2025-03-31,61000.0,Merit
1486,690,2025-03-31,67500.0,Merit
1487,702,2025-03-31,51800.0,Merit
1488,706,2025-03-31,96500.0,Merit
1489,719,2025-03-31,54000.0,Merit
1490,723,2025-03-31,69600.0,Promotion
1491,732,2025-03-31,123100.0,Merit
1492,743,2025-03-31,156200.0,Promotion
1493,749,2025-03-31,100200.0,Promotion
1494,750,2025-03-31,132000.0,Merit
1495,786,2025-03-31,123300.0,Merit
1496,790,2025-03-31,109600.0,Merit
1497,791,2025-03-31,115200.0,Promotion
1498,813,2025-03-31,95500.0,Merit
1499,822,2025-03-31,73600.0,Merit
1500,827,2025-03-31,101800.0,Promotion
1501,862,2025-03-31,71900.0,Promotion
1502,864,2025-03-31,74300.0,Merit
1503,870,2025-04-28,123700.0,New Hire
1504,871,2025-04-22,96000.0,New Hire
1505,872,2025-04-04,94800.0,New Hire
1506,873,2025-04-30,69000.0,New Hire
1507,874,2025-04-11,84100.0,New Hire
1508,875,2025-04-07,108600.0,New Hire
1509,876,2025-04-28,62100.0,New Hire
1510,877,2025-04-08,47500.0,New Hire
1511,878,2025-04-15,69000.0,New Hire
1512,879,2025-04-24,45300.0,New Hire
1513,880,2025-04-28,68300.0,New Hire
1514,881,2025-04-28,44000.0,New Hire
1515,882,2025-04-16,59800.0,New Hire
1516,883,2025-04-26,99400.0,New Hire
1517,884,2025-04-10,87800.0,New Hire
1518,885,2025-04-07,81700.0,New Hire
1519,886,2025-04-30,47800.0,New Hire
1520,887,2025-04-05,61100.0,New Hire
1521,888,2025-04-09,46400.0,New Hire
1522,889,2025-04-11,115000.0,New Hire
1523,890,2025-04-30,83700.0,New Hire
1524,891,2025-04-24,81600.0,New Hire
1525,892,2025-04-18,65600.0,New Hire
1526,893,2025-04-20,73600.0,New Hire
1527,894,2025-04-03,51900.0,New Hire
1528,895,2025-05-25,99500.0,New Hire
1529,896,2025-05-05,50300.0,New Hire
1530,897,2025-05-02,57300.0,New Hire
1531,898,2025-05-06,51100.0,New Hire
1532,899,2025-05-15,100500.0,New Hire
1533,900,2025-05-28,121500.0,New Hire
1534,901,2025-05-23,52700.0,New Hire
1535,902,2025-05-12,63900.0,New Hire
1536,903,2025-05-11,49900.0,New Hire
1537,904,2025-05-15,107500.0,New Hire
1538,905,2025-05-14,159500.0,New Hire
1539,906,2025-05-18,62900.0,New Hire
1540,907,2025-05-20,90900.0,New Hire
1541,908,2025-05-23,115000.0,New Hire
1542,909,2025-05-19,64600.0,New Hire
1543,910,2025-05-30,91500.0,New Hire
1544,911,2025-05-31,93000.0,New Hire
1545,912,2025-05-12,91000.0,New Hire
1546,913,2025-05-13,65700.0,New Hire
1547,914,2025-05-05,66500.0,New Hire
1548,915,2025-05-28,87500.0,New Hire
1549,916,2025-05-12,42200.0,New Hire
1550,917,2025-05-29,75200.0,New Hire
1551,918,2025-05-22,79600.0,New Hire
1552,919,2025-05-08,59400.0,New Hire
1553,920,2025-05-10,82800.0,New Hire
1554,921,2025-05-08,78100.0,New Hire
1555,922,2025-05-04,53100.0,New Hire
1556,923,2025-05-18,127200.0,New Hire
1557,924,2025-05-19,53200.0,New Hire
1558,925,2025-06-30,112900.0,New Hire
1559,926,2025-06-16,49000.0,New Hire
1560,927,2025-06-07,83800.0,New Hire
1561,928,2025-06-18,64400.0,New Hire
1562,929,2025-06-21,45700.0,New Hire
1563,930,2025-06-24,57100.0,New Hire
1564,931,2025-06-26,85100.0,New Hire
1565,932,2025-06-01,44800.0,New Hire
1566,933,2025-06-05,54600.0,New Hire
1567,934,2025-06-21,65900.0,New Hire
1568,935,2025-06-14,65500.0,New Hire
1569,936,2025-06-18,52100.0,New Hire
1570,937,2025-06-20,88500.0,New Hire
1571,938,2025-06-22,85900.0,New Hire
1572,939,2025-06-22,83600.0,New Hire
1573,940,2025-06-18,71500.0,New Hire
1574,941,2025-06-29,85300.0,New Hire
1575,942,2025-06-19,106100.0,New Hire
1576,943,2025-06-10,90900.0,New Hire
1577,944,2025-06-25,86700.0,New Hire
1578,945,2025-06-24,69800.0,New Hire
1579,946,2025-06-09,150200.0,New Hire
1580,947,2025-06-14,90400.0,New Hire
1581,948,2025-06-28,42400.0,New Hire
1582,949,2025-06-05,94200.0,New Hire
1583,950,2025-06-29,47000.0,New Hire
1584,951,2025-06-19,43000.0,New Hire
1585,952,2025-06-25,44200.0,New Hire
1586,23,2025-06-30,155500.0,Merit
1587,25,2025-06-30,174100.0,Merit
1588,36,2025-06-30,119100.0,Merit
1589,45,2025-06-30,106200.0,Promotion
1590,60,2025-06-30,44800.0,Merit
1591,63,2025-06-30,130300.0,Merit
1592,64,2025-06-30,116400.0,Merit
1593,84,2025-06-30,106200.0,Merit
1594,100,2025-06-30,55200.0,Promotion
1595,128,2025-06-30,52600.0,Merit
1596,145,2025-06-30,91800.0,Merit
1597,171,2025-06-30,77400.0,Merit
1598,178,2025-06-30,98900.0,Merit
1599,180,2025-06-30,71000.0,Merit
1600,216,2025-06-30,100100.0,Promotion
1601,223,2025-06-30,114800.0,Merit
1602,259,2025-06-30,84700.0,Promotion
1603,262,2025-06-30,176300.0,Promotion
1604,282,2025-06-30,79100.0,Promotion
1605,310,2025-06-30,102400.0,Merit
1606,314,2025-06-30,55600.0,Merit
1607,318,2025-06-30,108300.0,Merit
1608,374,2025-06-30,140900.0,Promotion
1609,409,2025-06-30,120100.0,Merit
1610,412,2025-06-30,73600.0,Promotion
1611,440,2025-06-30,65700.0,Merit
1612,458,2025-06-30,55200.0,Merit
1613,480,2025-06-30,84000.0,Merit
1614,499,2025-06-30,84600.0,Merit
1615,511,2025-06-30,71700.0,Merit
1616,526,2025-06-30,46200.0,Merit
1617,558,2025-06-30,101100.0,Promotion
1618,559,2025-06-30,128100.0,Merit
1619,560,2025-06-30,57200.0,Merit
1620,568,2025-06-30,88100.0,Merit
1621,580,2025-06-30,101000.0,Promotion
1622,586,2025-06-30,70000.0,Merit
1623,612,2025-06-30,99700.0,Promotion
1624,614,2025-06-30,172500.0,Merit
1625,616,2025-06-30,165100.0,Merit
1626,638,2025-06-30,85500.0,Merit
1627,642,2025-06-30,92200.0,Merit
1628,646,2025-06-30,97000.0,Merit
1629,658,2025-06-30,55300.0,Merit
1630,662,2025-06-30,60500.0,Merit
1631,691,2025-06-30,48400.0,Promotion
1632,701,2025-06-30,75500.0,Promotion
1633,722,2025-06-30,101000.0,Merit
1634,736,2025-06-30,107500.0,Merit
1635,742,2025-06-30,96600.0,Merit
1636,753,2025-06-30,110300.0,Merit
1637,760,2025-06-30,58900.0,Merit
1638,766,2025-06-30,164400.0,Merit
1639,768,2025-06-30,83600.0,Merit
1640,773,2025-06-30,102800.0,Merit
1641,775,2025-06-30,57000.0,Merit
1642,785,2025-06-30,70400.0,Promotion
1643,802,2025-06-30,57200.0,Merit
1644,808,2025-06-30,120400.0,Merit
1645,809,2025-06-30,75600.0,Promotion
1646,813,2025-06-30,104400.0,Merit
1647,819,2025-06-30,75100.0,Merit
1648,832,2025-06-30,80300.0,Merit
1649,841,2025-06-30,46200.0,Merit
1650,842,2025-06-30,119200.0,Promotion
1651,865,2025-06-30,55100.0,Promotion
1652,892,2025-06-30,71900.0,Merit
1653,927,2025-06-30,88700.0,Merit
1654,942,2025-06-30,116600.0,Merit
1655,948,2025-06-30,44800.0,Promotion
1656,953,2025-07-23,74200.0,New Hire
1657,954,2025-07-13,120200.0,New Hire
1658,955,2025-07-04,78400.0,New Hire
1659,956,2025-07-22,54700.0,New Hire
1660,957,2025-07-25,97100.0,New Hire
1661,958,2025-07-24,55100.0,New Hire
1662,959,2025-07-26,68100.0,New Hire
1663,960,2025-07-30,57600.0,New Hire
1664,961,2025-07-22,63200.0,New Hire
1665,962,2025-07-07,60700.0,New Hire
1666,963,2025-07-09,102900.0,New Hire
1667,964,2025-07-09,59700.0,New Hire
1668,965,2025-07-26,47800.0,New Hire
1669,966,2025-07-23,50000.0,New Hire
1670,967,2025-07-26,98400.0,New Hire
1671,968,2025-07-17,100800.0,New Hire
1672,969,2025-07-01,52900.0,New Hire
1673,970,2025-07-02,71300.0,New Hire
1674,971,2025-07-04,98200.0,New Hire
1675,972,2025-07-30,119100.0,New Hire
1676,973,2025-07-24,68200.0,New Hire
1677,974,2025-07-24,57900.0,New Hire
1678,975,2025-07-09,109400.0,New Hire
1679,976,2025-07-28,95600.0,New Hire
1680,977,2025-08-07,43800.0,New Hire
1681,978,2025-08-26,53800.0,New Hire
1682,979,2025-08-16,108100.0,New Hire
1683,980,2025-08-01,69700.0,New Hire
1684,981,2025-08-25,56600.0,New Hire
1685,982,2025-08-24,87200.0,New Hire
1686,983,2025-08-31,102900.0,New Hire
1687,984,2025-08-10,45300.0,New Hire
1688,985,2025-08-16,77100.0,New Hire
1689,986,2025-08-20,46700.0,New Hire
1690,987,2025-08-11,52500.0,New Hire
1691,988,2025-08-02,64000.0,New Hire
1692,989,2025-08-28,67700.0,New Hire
1693,990,2025-08-26,82900.0,New Hire
1694,991,2025-08-17,65900.0,New Hire
1695,992,2025-08-23,89200.0,New Hire
1696,993,2025-08-19,67200.0,New Hire
1697,994,2025-08-26,88400.0,New Hire
1698,995,2025-08-20,63300.0,New Hire
1699,996,2025-08-31,82700.0,New Hire
1700,997,2025-08-18,90100.0,New Hire
1701,998,2025-08-02,60500.0,New Hire
1702,999,2025-08-15,48600.0,New Hire
1703,1000,2025-08-22,51000.0,New Hire
1704,1001,2025-08-02,106400.0,New Hire
1705,1002,2025-08-30,58900.0,New Hire
1706,1003,2025-09-28,98600.0,New Hire
1707,1004,2025-09-24,42700.0,New Hire
1708,1005,2025-09-09,112000.0,New Hire
1709,1006,2025-09-30,69600.0,New Hire
1710,1007,2025-09-02,85900.0,New Hire
1711,1008,2025-09-07,71800.0,New Hire
1712,1009,2025-09-24,132000.0,New Hire
1713,1010,2025-09-23,81600.0,New Hire
1714,1011,2025-09-13,56000.0,New Hire
1715,1012,2025-09-06,89600.0,New Hire
1716,1013,2025-09-05,88000.0,New Hire
1717,1014,2025-09-14,47600.0,New Hire
1718,1015,2025-09-05,95300.0,New Hire
1719,1016,2025-09-16,64500.0,New Hire
1720,1017,2025-09-18,71800.0,New Hire
1721,1018,2025-09-23,45100.0,New Hire
1722,1019,2025-09-29,48300.0,New Hire
1723,1020,2025-09-22,66600.0,New Hire
1724,1021,2025-09-24,83000.0,New Hire
1725,1022,2025-09-01,55000.0,New Hire
1726,1023,2025-09-09,65000.0,New Hire
1727,1024,2025-09-13,105300.0,New Hire
1728,1025,2025-09-19,71200.0,New Hire
1729,1026,2025-09-20,99500.0,New Hire
1730,1027,2025-09-11,49800.0,New Hire
1731,1028,2025-09-01,85700.0,New Hire
1732,1029,2025-09-19,74600.0,New Hire
1733,1030,2025-09-07,82400.0,New Hire
1734,2,2025-09-30,107600.0,Merit
1735,13,2025-09-30,179900.0,Merit
1736,31,2025-09-30,135300.0,Merit
1737,46,2025-09-30,62000.0,Promotion
1738,51,2025-09-30,93200.0,Merit
1739,96,2025-09-30,73300.0,Promotion
1740,111,2025-09-30,102100.0,Merit
1741,128,2025-09-30,55900.0,Merit
1742,131,2025-09-30,98300.0,Promotion
1743,160,2025-09-30,204600.0,Merit
1744,167,2025-09-30,78100.0,Promotion
1745,171,2025-09-30,84100.0,Merit
1746,181,2025-09-30,165600.0,Promotion
1747,186,2025-09-30,80500.0,Promotion
1748,187,2025-09-30,104700.0,Promotion
1749,196,2025-09-30,61600.0,Merit
1750,198,2025-09-30,51600.0,Merit
1751,200,2025-09-30,118600.0,Merit
1752,222,2025-09-30,67200.0,Promotion
1753,259,2025-09-30,92500.0,Merit
1754,291,2025-09-30,116600.0,Merit
1755,311,2025-09-30,122800.0,Merit
1756,313,2025-09-30,132500.0,Promotion
1757,330,2025-09-30,96900.0,Merit
1758,336,2025-09-30,81900.0,Merit
1759,341,2025-09-30,105400.0,Promotion
1760,355,2025-09-30,116600.0,Merit
1761,367,2025-09-30,95100.0,Merit
1762,369,2025-09-30,87600.0,Promotion
1763,371,2025-09-30,102200.0,Promotion
1764,379,2025-09-30,49500.0,Merit
1765,393,2025-09-30,89900.0,Merit
1766,396,2025-09-30,116000.0,Merit
1767,398,2025-09-30,49600.0,Promotion
1768,401,2025-09-30,154200.0,Promotion
1769,420,2025-09-30,63600.0,Promotion
1770,446,2025-09-30,54100.0,Merit
1771,449,2025-09-30,112000.0,Promotion
1772,458,2025-09-30,61800.0,Merit
1773,461,2025-09-30,117400.0,Promotion
1774,480,2025-09-30,91900.0,Promotion
1775,515,2025-09-30,74800.0,Merit
1776,518,2025-09-30,70100.0,Promotion
1777,527,2025-09-30,79900.0,Merit
1778,539,2025-09-30,55200.0,Merit
1779,541,2025-09-30,76100.0,Promotion
1780,548,2025-09-30,150000.0,Merit
1781,569,2025-09-30,71700.0,Merit
1782,570,2025-09-30,79200.0,Merit
1783,577,2025-09-30,124900.0,Merit
1784,578,2025-09-30,101100.0,Promotion
1785,590,2025-09-30,56500.0,Promotion
1786,602,2025-09-30,105100.0,Merit
1787,611,2025-09-30,104100.0,Promotion
1788,615,2025-09-30,106400.0,Merit
1789,637,2025-09-30,64000.0,Promotion
1790,641,2025-09-30,52700.0,Merit
1791,642,2025-09-30,96100.0,Merit
1792,652,2025-09-30,84700.0,Merit
1793,668,2025-09-30,48100.0,Merit
1794,684,2025-09-30,64800.0,Merit
1795,688,2025-09-30,110200.0,Merit
1796,700,2025-09-30,88200.0,Merit
1797,711,2025-09-30,108500.0,Merit
1798,721,2025-09-30,89200.0,Promotion
1799,722,2025-09-30,111800.0,Promotion
1800,730,2025-09-30,62200.0,Merit
1801,735,2025-09-30,74700.0,Merit
1802,737,2025-09-30,91700.0,Merit
1803,741,2025-09-30,103400.0,Promotion
1804,743,2025-09-30,172400.0,Merit
1805,755,2025-09-30,115300.0,Promotion
1806,757,2025-09-30,59600.0,Promotion
1807,760,2025-09-30,62500.0,Merit
1808,766,2025-09-30,178400.0,Merit
1809,777,2025-09-30,52100.0,Merit
1810,795,2025-09-30,59500.0,Promotion
1811,800,2025-09-30,124400.0,Promotion
1812,805,2025-09-30,59400.0,Merit
1813,809,2025-09-30,79800.0,Merit
1814,822,2025-09-30,79200.0,Merit
1815,824,2025-09-30,66800.0,Merit
1816,840,2025-09-30,75700.0,Merit
1817,846,2025-09-30,45600.0,Merit
1818,847,2025-09-30,119300.0,Merit
1819,851,2025-09-30,72100.0,Merit
1820,857,2025-09-30,104900.0,Merit
1821,861,2025-09-30,74200.0,Promotion
1822,867,2025-09-30,80600.0,Merit
1823,868,2025-09-30,53900.0,Promotion
1824,875,2025-09-30,117800.0,Merit
1825,905,2025-09-30,169600.0,Merit
1826,911,2025-09-30,102800.0,Merit
1827,916,2025-09-30,45300.0,Promotion
1828,938,2025-09-30,89400.0,Promotion
1829,939,2025-09-30,88000.0,Merit
1830,955,2025-09-30,81900.0,Merit
1831,959,2025-09-30,73900.0,Merit
1832,961,2025-09-30,67500.0,Merit
1833,964,2025-09-30,62300.0,Promotion
1834,989,2025-09-30,73100.0,Promotion
1835,992,2025-09-30,99300.0,Merit
1836,1009,2025-09-30,138600.0,Promotion
1837,1016,2025-09-30,69500.0,Promotion
1838,1020,2025-09-30,73600.0,Merit
1839,1031,2025-10-30,66100.0,New Hire
1840,1032,2025-10-08,127900.0,New Hire
1841,1033,2025-10-21,101400.0,New Hire
1842,1034,2025-10-01,52100.0,New Hire
1843,1035,2025-10-16,89000.0,New Hire
1844,1036,2025-10-17,44500.0,New Hire
1845,1037,2025-10-28,43200.0,New Hire
1846,1038,2025-10-22,66800.0,New Hire
1847,1039,2025-10-17,111200.0,New Hire
1848,1040,2025-10-25,114800.0,New Hire
1849,1041,2025-10-06,60500.0,New Hire
1850,1042,2025-10-04,82200.0,New Hire
1851,1043,2025-10-01,77900.0,New Hire
1852,1044,2025-10-09,61400.0,New Hire
1853,1045,2025-10-07,51100.0,New Hire
1854,1046,2025-10-08,84800.0,New Hire
1855,1047,2025-10-08,67500.0,New Hire
1856,1048,2025-10-11,65700.0,New Hire
1857,1049,2025-10-22,63200.0,New Hire
1858,1050,2025-10-18,52500.0,New Hire
1859,1051,2025-10-10,95500.0,New Hire
1860,1052,2025-10-14,144000.0,New Hire
1861,1053,2025-10-11,101600.0,New Hire
1862,1054,2025-10-15,50000.0,New Hire
1863,1055,2025-10-06,61900.0,New Hire
1864,1056,2025-10-20,80200.0,New Hire
1865,1057,2025-10-29,58900.0,New Hire
1866,1058,2025-11-23,57500.0,New Hire
1867,1059,2025-11-18,77600.0,New Hire
1868,1060,2025-11-17,62500.0,New Hire
1869,1061,2025-11-11,62600.0,New Hire
1870,1062,2025-11-19,105100.0,New Hire
1871,1063,2025-11-06,82800.0,New Hire
1872,1064,2025-11-27,57200.0,New Hire
1873,1065,2025-11-29,94600.0,New Hire
1874,1066,2025-11-16,43900.0,New Hire
1875,1067,2025-11-19,56100.0,New Hire
1876,1068,2025-11-21,52500.0,New Hire
1877,1069,2025-11-09,66800.0,New Hire
1878,1070,2025-11-23,54400.0,New Hire
1879,1071,2025-11-17,57700.0,New Hire
1880,1072,2025-12-21,103300.0,New Hire
1881,1073,2025-12-08,67400.0,New Hire
1882,1074,2025-12-27,153000.0,New Hire
1883,1075,2025-12-25,46100.0,New Hire
1884,1076,2025-12-28,47100.0,New Hire
1885,1077,2025-12-25,88400.0,New Hire
1886,1078,2025-12-05,93800.0,New Hire
1887,1079,2025-12-22,68000.0,New Hire
1888,1080,2025-12-17,75800.0,New Hire
1889,1081,2025-12-11,74900.0,New Hire
1890,1082,2025-12-29,53700.0,New Hire
1891,1083,2025-12-27,72300.0,New Hire
1892,1084,2025-12-24,99500.0,New Hire
1893,25,2025-12-31,191100.0,Promotion
1894,30,2025-12-31,127000.0,Merit
1895,39,2025-12-31,77700.0,Merit
1896,51,2025-12-31,102200.0,Merit
1897,76,2025-12-31,103900.0,Promotion
1898,78,2025-12-31,70200.0,Merit
1899,97,2025-12-31,135400.0,Promotion
1900,101,2025-12-31,88100.0,Merit
1901,107,2025-12-31,75700.0,Merit
1902,119,2025-12-31,70000.0,Promotion
1903,125,2025-12-31,67500.0,Promotion
1904,131,2025-12-31,105500.0,Merit
1905,136,2025-12-31,111200.0,Merit
1906,141,2025-12-31,68300.0,Promotion
1907,156,2025-12-31,63800.0,Promotion
1908,162,2025-12-31,72100.0,Merit
1909,181,2025-12-31,181500.0,Merit
1910,206,2025-12-31,86800.0,Promotion
1911,211,2025-12-31,90200.0,Merit
1912,224,2025-12-31,70800.0,Promotion
1913,232,2025-12-31,88300.0,Promotion
1914,274,2025-12-31,69000.0,Merit
1915,275,2025-12-31,54200.0,Merit
1916,278,2025-12-31,78800.0,Promotion
1917,282,2025-12-31,82500.0,Promotion
1918,298,2025-12-31,148900.0,Merit
1919,332,2025-12-31,68500.0,Promotion
1920,350,2025-12-31,86200.0,Merit
1921,356,2025-12-31,68600.0,Merit
1922,357,2025-12-31,66500.0,Merit
1923,371,2025-12-31,106700.0,Merit
1924,396,2025-12-31,125900.0,Merit
1925,425,2025-12-31,101200.0,Merit
1926,430,2025-12-31,69700.0,Merit
1927,444,2025-12-31,99900.0,Merit
1928,446,2025-12-31,56800.0,Promotion
1929,447,2025-12-31,113500.0,Promotion
1930,464,2025-12-31,86000.0,Merit
1931,465,2025-12-31,71000.0,Merit
1932,477,2025-12-31,64800.0,Merit
1933,482,2025-12-31,64000.0,Merit
1934,532,2025-12-31,81300.0,Promotion
1935,534,2025-12-31,68100.0,Merit
1936,566,2025-12-31,49900.0,Merit
1937,576,2025-12-31,101600.0,Merit
1938,582,2025-12-31,89800.0,Merit
1939,592,2025-12-31,136200.0,Merit
1940,594,2025-12-31,105500.0,Merit
1941,596,2025-12-31,121800.0,Promotion
1942,601,2025-12-31,97100.0,Merit
1943,605,2025-12-31,110000.0,Promotion
1944,607,2025-12-31,79200.0,Merit
1945,609,2025-12-31,77300.0,Promotion
1946,616,2025-12-31,183500.0,Merit
1947,645,2025-12-31,65200.0,Merit
1948,647,2025-12-31,58600.0,Merit
1949,648,2025-12-31,59000.0,Merit
1950,659,2025-12-31,67800.0,Merit
1951,660,2025-12-31,129800.0,Merit
1952,662,2025-12-31,63800.0,Merit
1953,665,2025-12-31,63300.0,Merit
1954,667,2025-12-31,168200.0,Merit
1955,678,2025-12-31,114000.0,Merit
1956,686,2025-12-31,61200.0,Promotion
1957,705,2025-12-31,88400.0,Promotion
1958,729,2025-12-31,101700.0,Merit
1959,735,2025-12-31,79300.0,Promotion
1960,741,2025-12-31,109800.0,Promotion
1961,742,2025-12-31,107000.0,Promotion
1962,772,2025-12-31,114400.0,Promotion
1963,780,2025-12-31,54200.0,Promotion
1964,793,2025-12-31,45500.0,Merit
1965,800,2025-12-31,134600.0,Promotion
1966,818,2025-12-31,52200.0,Merit
1967,821,2025-12-31,54100.0,Merit
1968,856,2025-12-31,143600.0,Promotion
1969,881,2025-12-31,48900.0,Merit
1970,900,2025-12-31,133600.0,Promotion
1971,904,2025-12-31,113000.0,Merit
1972,915,2025-12-31,94100.0,Merit
1973,917,2025-12-31,83500.0,Promotion
1974,921,2025-12-31,85000.0,Merit
1975,925,2025-12-31,119600.0,Merit
1976,928,2025-12-31,70600.0,Promotion
1977,929,2025-12-31,48100.0,Merit
1978,934,2025-12-31,72200.0,Merit
1979,950,2025-12-31,52100.0,Promotion
1980,958,2025-12-31,57900.0,Merit
1981,964,2025-12-31,68100.0,Promotion
1982,966,2025-12-31,54200.0,Merit
1983,973,2025-12-31,75900.0,Merit
1984,988,2025-12-31,68600.0,Promotion
1985,999,2025-12-31,53000.0,Merit
1986,1022,2025-12-31,59400.0,Merit
1987,1041,2025-12-31,67000.0,Merit
1988,1042,2025-12-31,85700.0,Merit
1989,1045,2025-12-31,56700.0,Promotion
1990,1046,2025-12-31,90400.0,Merit
1991,1048,2025-12-31,73300.0,Promotion
1992,1052,2025-12-31,152700.0,Merit
1993,1053,2025-12-31,112900.0,Merit
1994,1059,2025-12-31,85100.0,Promotion
1995,1076,2025-12-31,51400.0,Merit
1996,1078,2025-12-31,101300.0,Merit
1997,1085,2026-01-24,103400.0,New Hire
1998,1086,2026-01-09,57300.0,New Hire
1999,1087,2026-01-21,75700.0,New Hire
2000,1088,2026-01-04,78000.0,New Hire
2001,1089,2026-01-12,113000.0,New Hire
2002,1090,2026-01-01,45700.0,New Hire
2003,1091,2026-01-17,80500.0,New Hire
2004,1092,2026-01-22,46000.0,New Hire
2005,1093,2026-01-13,89900.0,New Hire
2006,1094,2026-01-10,75900.0,New Hire
2007,1095,2026-01-02,69700.0,New Hire
2008,1096,2026-01-02,52200.0,New Hire
2009,1097,2026-01-12,111200.0,New Hire
2010,1098,2026-01-14,119600.0,New Hire
2011,1099,2026-01-02,71900.0,New Hire
2012,1100,2026-01-29,56000.0,New Hire
2013,1101,2026-01-10,44300.0,New Hire
2014,1102,2026-01-19,106200.0,New Hire
2015,1103,2026-01-12,73500.0,New Hire
2016,1104,2026-01-05,83700.0,New Hire
2017,1105,2026-01-13,60300.0,New Hire
2018,1106,2026-01-14,48400.0,New Hire
2019,1107,2026-01-15,148000.0,New Hire
2020,1108,2026-01-04,81600.0,New Hire
2021,1109,2026-01-28,82100.0,New Hire
2022,1110,2026-01-21,50300.0,New Hire
2023,1111,2026-01-25,106800.0,New Hire
2024,1112,2026-01-05,60800.0,New Hire
2025,1113,2026-01-14,70500.0,New Hire
2026,1114,2026-01-05,92500.0,New Hire
2027,1115,2026-01-13,69900.0,New Hire
2028,1116,2026-01-31,55600.0,New Hire
2029,1117,2026-01-20,46900.0,New Hire
2030,1118,2026-01-24,100400.0,New Hire
2031,1119,2026-01-03,42400.0,New Hire
2032,1120,2026-01-02,59200.0,New Hire
2033,1121,2026-01-13,61900.0,New Hire
2034,1122,2026-02-07,75400.0,New Hire
2035,1123,2026-02-21,50900.0,New Hire
2036,1124,2026-02-04,65700.0,New Hire
2037,1125,2026-02-10,80900.0,New Hire
2038,1126,2026-02-28,60000.0,New Hire
2039,1127,2026-02-22,55200.0,New Hire
2040,1128,2026-02-09,60500.0,New Hire
2041,1129,2026-02-19,51800.0,New Hire
2042,1130,2026-02-04,46400.0,New Hire
2043,1131,2026-02-19,51900.0,New Hire
2044,1132,2026-02-03,91800.0,New Hire
2045,1133,2026-02-09,108000.0,New Hire
2046,1134,2026-02-10,52600.0,New Hire
2047,1135,2026-02-19,48800.0,New Hire
2048,1136,2026-02-14,55800.0,New Hire
2049,1137,2026-02-27,42100.0,New Hire
2050,1138,2026-02-22,47800.0,New Hire
2051,1139,2026-02-14,142800.0,New Hire
2052,1140,2026-02-24,101500.0,New Hire
2053,1141,2026-02-17,48500.0,New Hire
2054,1142,2026-02-27,90400.0,New Hire
2055,1143,2026-02-11,97200.0,New Hire
2056,1144,2026-02-23,56700.0,New Hire
2057,1145,2026-02-28,93400.0,New Hire
2058,1146,2026-02-25,100900.0,New Hire
2059,1147,2026-02-19,71200.0,New Hire
2060,1148,2026-02-16,43100.0,New Hire
2061,1149,2026-02-18,70700.0,New Hire
2062,1150,2026-02-15,116900.0,New Hire
2063,1151,2026-02-13,44600.0,New Hire
2064,1152,2026-02-10,59600.0,New Hire
2065,1153,2026-03-07,122600.0,New Hire
2066,1154,2026-03-26,47800.0,New Hire
2067,1155,2026-03-21,60100.0,New Hire
2068,1156,2026-03-02,71100.0,New Hire
2069,1157,2026-03-30,66500.0,New Hire
2070,1158,2026-03-12,118000.0,New Hire
2071,1159,2026-03-31,62900.0,New Hire
2072,1160,2026-03-08,67800.0,New Hire
2073,1161,2026-03-09,67800.0,New Hire
2074,1162,2026-03-20,66700.0,New Hire
2075,1163,2026-03-28,47600.0,New Hire
2076,1164,2026-03-15,89100.0,New Hire
2077,1165,2026-03-29,46700.0,New Hire
2078,1166,2026-03-27,51200.0,New Hire
2079,1167,2026-03-16,62100.0,New Hire
2080,1168,2026-03-22,93900.0,New Hire
2081,1169,2026-03-17,43900.0,New Hire
2082,1170,2026-03-18,85300.0,New Hire
2083,1171,2026-03-23,96700.0,New Hire
2084,1172,2026-03-06,62800.0,New Hire
2085,1173,2026-03-25,59600.0,New Hire
2086,1174,2026-03-05,90000.0,New Hire
2087,1175,2026-03-23,85300.0,New Hire
2088,1176,2026-03-03,69800.0,New Hire
2089,1177,2026-03-18,101500.0,New Hire
2090,3,2026-03-31,140200.0,Merit
2091,23,2026-03-31,164200.0,Merit
2092,30,2026-03-31,138600.0,Promotion
2093,59,2026-03-31,59200.0,Promotion
2094,66,2026-03-31,67500.0,Promotion
2095,121,2026-03-31,110000.0,Merit
2096,133,2026-03-31,122100.0,Merit
2097,149,2026-03-31,105400.0,Merit
2098,152,2026-03-31,121200.0,Merit
2099,162,2026-03-31,80200.0,Promotion
2100,180,2026-03-31,76500.0,Promotion
2101,192,2026-03-31,68500.0,Merit
2102,205,2026-03-31,110800.0,Promotion
2103,209,2026-03-31,67800.0,Merit
2104,253,2026-03-31,103600.0,Promotion
2105,278,2026-03-31,87800.0,Merit
2106,284,2026-03-31,79000.0,Merit
2107,298,2026-03-31,162400.0,Merit
2108,308,2026-03-31,63100.0,Merit
2109,325,2026-03-31,77100.0,Merit
2110,335,2026-03-31,82800.0,Merit
2111,347,2026-03-31,64800.0,Merit
2112,351,2026-03-31,57700.0,Merit
2113,352,2026-03-31,61500.0,Merit
2114,360,2026-03-31,116000.0,Merit
2115,375,2026-03-31,103100.0,Promotion
2116,379,2026-03-31,51800.0,Promotion
2117,389,2026-03-31,53900.0,Merit
2118,401,2026-03-31,171000.0,Merit
2119,430,2026-03-31,72800.0,Promotion
2120,446,2026-03-31,62100.0,Promotion
2121,449,2026-03-31,119100.0,Merit
2122,463,2026-03-31,56400.0,Promotion
2123,469,2026-03-31,56600.0,Merit
2124,505,2026-03-31,57200.0,Merit
2125,518,2026-03-31,75000.0,Promotion
2126,524,2026-03-31,58200.0,Merit
2127,543,2026-03-31,55500.0,Promotion
2128,566,2026-03-31,52900.0,Merit
2129,569,2026-03-31,77900.0,Merit
2130,588,2026-03-31,110100.0,Promotion
2131,600,2026-03-31,92200.0,Merit
2132,605,2026-03-31,119400.0,Promotion
2133,614,2026-03-31,189200.0,Merit
2134,637,2026-03-31,66600.0,Merit
2135,641,2026-03-31,57900.0,Merit
2136,643,2026-03-31,99800.0,Merit
2137,663,2026-03-31,120000.0,Merit
2138,669,2026-03-31,75500.0,Merit
2139,675,2026-03-31,76400.0,Merit
2140,713,2026-03-31,85800.0,Merit
2141,714,2026-03-31,58300.0,Promotion
2142,720,2026-03-31,47200.0,Promotion
2143,723,2026-03-31,77800.0,Merit
2144,743,2026-03-31,184500.0,Merit
2145,745,2026-03-31,112300.0,Promotion
2146,771,2026-03-31,86200.0,Merit
2147,772,2026-03-31,122400.0,Merit
2148,788,2026-03-31,100800.0,Merit
2149,806,2026-03-31,106100.0,Merit
2150,812,2026-03-31,59400.0,Merit
2151,818,2026-03-31,58300.0,Promotion
2152,828,2026-03-31,109400.0,Merit
2153,843,2026-03-31,64100.0,Merit
2154,846,2026-03-31,48800.0,Merit
2155,851,2026-03-31,78400.0,Merit
2156,869,2026-03-31,95500.0,Merit
2157,886,2026-03-31,52300.0,Merit
2158,890,2026-03-31,87500.0,Promotion
2159,895,2026-03-31,108900.0,Promotion
2160,897,2026-03-31,63400.0,Merit
2161,906,2026-03-31,68400.0,Merit
2162,916,2026-03-31,48900.0,Promotion
2163,923,2026-03-31,134000.0,Merit
2164,926,2026-03-31,52100.0,Merit
2165,933,2026-03-31,60500.0,Merit
2166,939,2026-03-31,92000.0,Merit
2167,974,2026-03-31,62100.0,Merit
2168,1015,2026-03-31,104400.0,Promotion
2169,1045,2026-03-31,61100.0,Merit
2170,1048,2026-03-31,81300.0,Merit
2171,1049,2026-03-31,70300.0,Promotion
2172,1058,2026-03-31,63000.0,Promotion
2173,1068,2026-03-31,56900.0,Promotion
2174,1069,2026-03-31,74300.0,Merit
2175,1076,2026-03-31,55000.0,Merit
2176,1086,2026-03-31,61400.0,Merit
2177,1093,2026-03-31,98400.0,Promotion
2178,1094,2026-03-31,82100.0,Promotion
2179,1096,2026-03-31,56800.0,Merit
2180,1097,2026-03-31,123400.0,Promotion
2181,1123,2026-03-31,55600.0,Merit
2182,1129,2026-03-31,54800.0,Merit
2183,1134,2026-03-31,56200.0,Merit
2184,1148,2026-03-31,47300.0,Merit
2185,1153,2026-03-31,129100.0,Promotion
2186,1154,2026-03-31,53500.0,Merit
2187,1163,2026-03-31,51600.0,Promotion
2188,1175,2026-03-31,93800.0,Promotion
2189,1178,2026-04-12,85000.0,New Hire
2190,1179,2026-04-11,72300.0,New Hire
2191,1180,2026-04-04,75200.0,New Hire
2192,1181,2026-04-07,151800.0,New Hire
2193,1182,2026-04-15,107600.0,New Hire
2194,1183,2026-04-03,61500.0,New Hire
2195,1184,2026-04-02,72000.0,New Hire
2196,1185,2026-04-09,157800.0,New Hire
2197,1186,2026-04-06,118800.0,New Hire
2198,1187,2026-04-05,61300.0,New Hire
2199,1188,2026-04-28,42700.0,New Hire
2200,1189,2026-04-12,80600.0,New Hire
2201,1190,2026-04-08,78100.0,New Hire
2202,1191,2026-04-28,53000.0,New Hire
2203,1192,2026-04-25,95000.0,New Hire
2204,1193,2026-04-14,99700.0,New Hire
2205,1194,2026-04-29,159900.0,New Hire
2206,1195,2026-04-07,98900.0,New Hire
2207,1196,2026-04-02,90800.0,New Hire
2208,1197,2026-04-18,46800.0,New Hire
2209,1198,2026-05-03,92500.0,New Hire
2210,1199,2026-05-10,92500.0,New Hire
2211,1200,2026-05-16,52000.0,New Hire
2212,1201,2026-05-14,59300.0,New Hire
2213,1202,2026-05-01,64500.0,New Hire
2214,1203,2026-05-13,66500.0,New Hire
2215,1204,2026-05-11,92500.0,New Hire
2216,1205,2026-05-08,46100.0,New Hire
2217,1206,2026-05-03,101400.0,New Hire
2218,1207,2026-05-06,104100.0,New Hire
2219,1208,2026-05-13,44600.0,New Hire
2220,1209,2026-05-30,58000.0,New Hire
2221,1210,2026-05-13,61700.0,New Hire
2222,1211,2026-05-04,91300.0,New Hire
2223,1212,2026-05-09,106400.0,New Hire
2224,1213,2026-05-24,109000.0,New Hire
2225,1214,2026-06-05,70000.0,New Hire
2226,1215,2026-06-30,134600.0,New Hire
2227,1216,2026-06-23,86300.0,New Hire
2228,1217,2026-06-23,67400.0,New Hire
2229,1218,2026-06-18,96200.0,New Hire
2230,1219,2026-06-30,78100.0,New Hire
2231,1220,2026-06-22,84300.0,New Hire
2232,1221,2026-06-05,84000.0,New Hire
2233,1222,2026-06-23,45300.0,New Hire
2234,1223,2026-06-06,60800.0,New Hire
2235,1224,2026-06-01,66800.0,New Hire
2236,1225,2026-06-19,66800.0,New Hire
2237,1226,2026-06-10,104500.0,New Hire
2238,30,2026-06-30,146700.0,Promotion
2239,76,2026-06-30,116200.0,Promotion
2240,106,2026-06-30,78800.0,Promotion
2241,124,2026-06-30,62800.0,Merit
2242,214,2026-06-30,66400.0,Promotion
2243,231,2026-06-30,86000.0,Merit
2244,233,2026-06-30,69200.0,Merit
2245,250,2026-06-30,77700.0,Merit
2246,259,2026-06-30,98600.0,Promotion
2247,288,2026-06-30,66600.0,Promotion
2248,294,2026-06-30,131300.0,Promotion
2249,302,2026-06-30,61300.0,Merit
2250,314,2026-06-30,58400.0,Merit
2251,325,2026-06-30,80200.0,Merit
2252,327,2026-06-30,63000.0,Merit
2253,366,2026-06-30,83500.0,Promotion
2254,368,2026-06-30,75700.0,Merit
2255,369,2026-06-30,92900.0,Promotion
2256,375,2026-06-30,112500.0,Merit
2257,409,2026-06-30,134200.0,Merit
2258,438,2026-06-30,104100.0,Merit
2259,440,2026-06-30,73200.0,Promotion
2260,460,2026-06-30,80900.0,Promotion
2261,463,2026-06-30,61200.0,Merit
2262,482,2026-06-30,70100.0,Merit
2263,486,2026-06-30,97700.0,Promotion
2264,491,2026-06-30,56700.0,Merit
2265,499,2026-06-30,93600.0,Promotion
2266,505,2026-06-30,62800.0,Promotion
2267,522,2026-06-30,126200.0,Promotion
2268,532,2026-06-30,86800.0,Promotion
2269,548,2026-06-30,163100.0,Promotion
2270,553,2026-06-30,138400.0,Promotion
2271,572,2026-06-30,46200.0,Merit
2272,579,2026-06-30,176600.0,Merit
2273,593,2026-06-30,57200.0,Merit
2274,600,2026-06-30,101000.0,Merit
2275,601,2026-06-30,102300.0,Promotion
2276,608,2026-06-30,72900.0,Promotion
2277,624,2026-06-30,58300.0,Promotion
2278,638,2026-06-30,95500.0,Merit
2279,643,2026-06-30,107900.0,Merit
2280,644,2026-06-30,77800.0,Promotion
2281,651,2026-06-30,117200.0,Promotion
2282,672,2026-06-30,93100.0,Promotion
2283,680,2026-06-30,71600.0,Merit
2284,698,2026-06-30,113100.0,Promotion
2285,700,2026-06-30,95500.0,Promotion
2286,702,2026-06-30,57300.0,Merit
2287,703,2026-06-30,58900.0,Promotion
2288,725,2026-06-30,77300.0,Promotion
2289,726,2026-06-30,59800.0,Merit
2290,743,2026-06-30,194500.0,Promotion
2291,780,2026-06-30,57100.0,Merit
2292,782,2026-06-30,94000.0,Promotion
2293,794,2026-06-30,47500.0,Merit
2294,810,2026-06-30,63100.0,Promotion
2295,826,2026-06-30,67900.0,Merit
2296,829,2026-06-30,103300.0,Merit
2297,843,2026-06-30,69200.0,Merit
2298,847,2026-06-30,132500.0,Merit
2299,848,2026-06-30,60100.0,Merit
2300,858,2026-06-30,96500.0,Promotion
2301,874,2026-06-30,93800.0,Merit
2302,903,2026-06-30,53500.0,Promotion
2303,904,2026-06-30,123300.0,Merit
2304,905,2026-06-30,189200.0,Merit
2305,925,2026-06-30,130900.0,Merit
2306,957,2026-06-30,101300.0,Merit
2307,970,2026-06-30,79000.0,Promotion
2308,972,2026-06-30,132800.0,Merit
2309,977,2026-06-30,45700.0,Merit
2310,994,2026-06-30,96100.0,Merit
2311,995,2026-06-30,69600.0,Merit
2312,1000,2026-06-30,53900.0,Promotion
2313,1005,2026-06-30,118300.0,Merit
2314,1010,2026-06-30,87100.0,Merit
2315,1023,2026-06-30,67900.0,Promotion
2316,1027,2026-06-30,54100.0,Merit
2317,1057,2026-06-30,63900.0,Promotion
2318,1069,2026-06-30,82100.0,Merit
2319,1074,2026-06-30,168300.0,Promotion
2320,1075,2026-06-30,51400.0,Merit
2321,1084,2026-06-30,106400.0,Merit
2322,1092,2026-06-30,49500.0,Merit
2323,1094,2026-06-30,91700.0,Promotion
2324,1107,2026-06-30,154500.0,Promotion
2325,1140,2026-06-30,110700.0,Merit
2326,1145,2026-06-30,103300.0,Merit
2327,1146,2026-06-30,106900.0,Merit
2328,1155,2026-06-30,63200.0,Merit
2329,1163,2026-06-30,54100.0,Merit
2330,1166,2026-06-30,53700.0,Merit
2331,1189,2026-06-30,88500.0,Merit
2332,1192,2026-06-30,102100.0,Merit
2333,1207,2026-06-30,116400.0,Merit
2334,1218,2026-06-30,107200.0,Merit
2335,1227,2026-07-10,88000.0,New Hire
2336,1228,2026-07-24,61600.0,New Hire
2337,1229,2026-07-17,81100.0,New Hire
2338,1230,2026-07-20,51500.0,New Hire
2339,1231,2026-07-12,85200.0,New Hire
2340,1232,2026-07-09,123800.0,New Hire
2341,1233,2026-07-15,56700.0,New Hire
2342,1234,2026-07-20,60700.0,New Hire
2343,1235,2026-07-11,94600.0,New Hire
2344,1236,2026-07-22,43300.0,New Hire
2345,1237,2026-07-12,78600.0,New Hire
2346,1238,2026-07-06,89500.0,New Hire
2347,1239,2026-07-29,109700.0,New Hire
2348,1240,2026-07-03,130100.0,New Hire
2349,1241,2026-08-19,81200.0,New Hire
2350,1242,2026-08-14,70800.0,New Hire
2351,1243,2026-08-07,69200.0,New Hire
2352,1244,2026-08-17,71100.0,New Hire
2353,1245,2026-08-10,43900.0,New Hire
2354,1246,2026-08-13,46300.0,New Hire
2355,1247,2026-08-17,104100.0,New Hire
2356,1248,2026-08-30,67600.0,New Hire
2357,1249,2026-08-09,67300.0,New Hire
2358,1250,2026-08-15,88900.0,New Hire
2359,1251,2026-08-13,104500.0,New Hire
2360,1252,2026-08-24,69700.0,New Hire
2361,1253,2026-08-03,64100.0,New Hire
