hire_id,requisition_id,employee_id,offer_date,start_date,source_channel,signing_bonus
1,1,121,2022-02-22,2022-02-26,Agency,0
2,2,122,2022-01-31,2022-02-10,Employee Referral,1500
3,3,123,2022-01-30,2022-02-02,Agency,5000
4,4,124,2022-02-10,2022-02-19,Career Site,5000
5,5,125,2022-01-24,2022-02-03,Employee Referral,0
6,6,126,2022-03-15,2022-03-25,Employee Referral,5000
7,7,127,2022-02-24,2022-03-02,Career Site,5000
8,8,128,2022-03-13,2022-03-18,Job Board,1500
9,9,129,2022-03-04,2022-03-10,LinkedIn,2500
10,10,130,2022-03-26,2022-03-29,LinkedIn,0
11,11,131,2022-03-18,2022-03-27,Job Board,1500
12,12,132,2022-03-19,2022-03-28,Employee Referral,1500
13,13,133,2022-03-22,2022-03-26,LinkedIn,1500
14,14,134,2022-03-21,2022-03-30,LinkedIn,5000
15,15,135,2022-03-05,2022-03-11,Job Board,5000
16,16,136,2022-04-16,2022-04-26,Job Board,2500
17,17,137,2022-03-29,2022-04-06,Job Board,0
18,18,138,2022-04-10,2022-04-18,Agency,0
19,19,139,2022-03-29,2022-04-05,Career Site,2500
20,20,140,2022-04-23,2022-04-26,Employee Referral,0
21,21,141,2022-04-03,2022-04-07,Agency,2500
22,22,142,2022-04-22,2022-04-27,LinkedIn,5000
23,23,143,2022-04-16,2022-04-26,Job Board,0
24,24,144,2022-03-31,2022-04-10,Career Site,0
25,25,145,2022-04-09,2022-04-17,Job Board,2500
26,26,146,2022-04-14,2022-04-23,LinkedIn,0
27,27,147,2022-05-05,2022-05-12,LinkedIn,0
28,28,148,2022-05-14,2022-05-23,Job Board,1500
29,29,149,2022-05-21,2022-05-31,Job Board,0
30,30,150,2022-05-12,2022-05-18,LinkedIn,5000
31,31,151,2022-04-29,2022-05-04,Career Site,1500
32,32,152,2022-05-25,2022-05-29,LinkedIn,5000
33,33,153,2022-05-09,2022-05-18,Career Site,1500
34,34,154,2022-05-16,2022-05-24,Career Site,0
35,35,155,2022-05-11,2022-05-21,LinkedIn,5000
36,36,156,2022-04-27,2022-05-06,Job Board,1500
37,37,157,2022-04-24,2022-05-03,LinkedIn,0
38,38,158,2022-05-06,2022-05-09,Job Board,5000
39,39,159,2022-05-05,2022-05-10,LinkedIn,1500
40,40,160,2022-05-18,2022-05-24,Agency,0
41,41,161,2022-05-14,2022-05-20,LinkedIn,2500
42,42,162,2022-05-03,2022-05-06,Employee Referral,1500
43,43,163,2022-05-11,2022-05-14,LinkedIn,5000
44,44,164,2022-05-25,2022-06-03,Job Board,0
45,45,165,2022-06-05,2022-06-13,Job Board,0
46,46,166,2022-06-09,2022-06-18,Employee Referral,2500
47,47,167,2022-06-05,2022-06-08,Employee Referral,0
48,48,168,2022-05-29,2022-06-04,Employee Referral,2500
49,49,169,2022-06-20,2022-06-28,Employee Referral,0
50,50,170,2022-05-31,2022-06-05,Agency,5000
51,51,171,2022-06-09,2022-06-18,LinkedIn,0
52,52,172,2022-06-07,2022-06-16,Employee Referral,2500
53,53,173,2022-06-07,2022-06-13,Employee Referral,0
54,54,174,2022-06-19,2022-06-22,LinkedIn,0
55,55,175,2022-06-17,2022-06-24,Employee Referral,1500
56,56,176,2022-06-13,2022-06-21,Employee Referral,0
57,57,177,2022-07-17,2022-07-22,Job Board,1500
58,58,178,2022-07-06,2022-07-15,Employee Referral,0
59,59,179,2022-07-01,2022-07-08,LinkedIn,0
60,60,180,2022-07-13,2022-07-17,LinkedIn,2500
61,61,181,2022-06-26,2022-07-01,Employee Referral,1500
62,62,182,2022-07-16,2022-07-25,Employee Referral,1500
63,63,183,2022-06-28,2022-07-03,Career Site,2500
64,64,184,2022-07-15,2022-07-19,Career Site,1500
65,65,185,2022-06-24,2022-07-02,Employee Referral,2500
66,66,186,2022-07-24,2022-07-27,Job Board,0
67,67,187,2022-07-06,2022-07-09,Employee Referral,1500
68,68,188,2022-07-03,2022-07-06,LinkedIn,0
69,69,189,2022-06-22,2022-07-01,Employee Referral,0
70,70,190,2022-07-09,2022-07-14,Career Site,0
71,71,191,2022-06-24,2022-07-02,Employee Referral,0
72,72,192,2022-07-20,2022-07-26,Job Board,0
73,73,193,2022-07-05,2022-07-14,Job Board,5000
74,74,194,2022-08-19,2022-08-23,Agency,2500
75,75,195,2022-08-06,2022-08-14,Job Board,0
76,76,196,2022-07-29,2022-08-08,LinkedIn,0
77,77,197,2022-08-11,2022-08-18,LinkedIn,5000
78,78,198,2022-07-26,2022-08-02,Employee Referral,0
79,79,199,2022-08-01,2022-08-06,Agency,0
80,80,200,2022-08-23,2022-08-27,Career Site,2500
81,81,201,2022-08-22,2022-08-30,LinkedIn,0
82,82,202,2022-08-07,2022-08-15,Employee Referral,0
83,83,203,2022-07-30,2022-08-09,Employee Referral,0
84,84,204,2022-08-04,2022-08-13,Job Board,5000
85,85,205,2022-08-12,2022-08-18,LinkedIn,0
86,86,206,2022-08-19,2022-08-25,LinkedIn,0
87,87,207,2022-08-21,2022-08-26,Employee Referral,0
88,88,208,2022-08-05,2022-08-11,LinkedIn,1500
89,89,209,2022-07-31,2022-08-06,LinkedIn,0
90,90,210,2022-07-29,2022-08-06,Job Board,0
91,91,211,2022-08-21,2022-08-31,Career Site,5000
92,92,212,2022-08-16,2022-08-23,LinkedIn,0
93,93,213,2022-07-26,2022-08-01,LinkedIn,5000
94,94,214,2022-08-26,2022-08-30,Job Board,5000
95,95,215,2022-08-20,2022-08-24,LinkedIn,5000
96,96,216,2022-09-15,2022-09-19,LinkedIn,0
97,97,217,2022-09-26,2022-09-29,Agency,1500
98,98,218,2022-08-30,2022-09-06,Employee Referral,5000
99,99,219,2022-09-04,2022-09-08,LinkedIn,0
100,100,220,2022-09-17,2022-09-21,Employee Referral,0
101,101,221,2022-09-06,2022-09-16,Employee Referral,0
102,102,222,2022-09-06,2022-09-15,Job Board,2500
103,103,223,2022-08-29,2022-09-02,Employee Referral,1500
104,104,224,2022-09-17,2022-09-23,Career Site,0
105,105,225,2022-08-30,2022-09-03,LinkedIn,0
106,106,226,2022-09-04,2022-09-13,Employee Referral,0
107,107,227,2022-08-27,2022-09-05,Agency,0
108,108,228,2022-09-07,2022-09-16,Job Board,0
109,109,229,2022-09-22,2022-09-29,LinkedIn,0
110,110,230,2022-09-08,2022-09-16,Job Board,0
111,111,231,2022-09-17,2022-09-20,Agency,2500
112,112,232,2022-08-28,2022-09-03,Agency,0
113,113,233,2022-09-27,2022-09-30,Career Site,0
114,114,234,2022-10-14,2022-10-21,LinkedIn,5000
115,115,235,2022-10-10,2022-10-19,Job Board,0
116,116,236,2022-09-30,2022-10-05,Employee Referral,5000
117,117,237,2022-10-24,2022-10-27,Agency,2500
118,118,238,2022-10-19,2022-10-25,Employee Referral,2500
119,119,239,2022-10-05,2022-10-10,Job Board,1500
120,120,240,2022-10-12,2022-10-19,LinkedIn,0
121,121,241,2022-10-14,2022-10-22,Career Site,0
122,122,242,2022-10-08,2022-10-17,Employee Referral,0
123,123,243,2022-10-21,2022-10-29,Agency,1500
124,124,244,2022-10-24,2022-10-29,LinkedIn,0
125,125,245,2022-10-18,2022-10-23,Employee Referral,5000
126,126,246,2022-09-26,2022-10-01,Agency,0
127,127,247,2022-10-23,2022-10-30,Job Board,0
128,128,248,2022-10-15,2022-10-20,Job Board,2500
129,129,249,2022-10-06,2022-10-09,LinkedIn,0
130,130,250,2022-10-26,2022-10-30,Employee Referral,0
131,131,251,2022-09-26,2022-10-05,Agency,0
132,132,252,2022-11-01,2022-11-09,Employee Referral,0
133,133,253,2022-11-10,2022-11-20,Job Board,0
134,134,254,2022-11-03,2022-11-08,LinkedIn,0
135,135,255,2022-11-16,2022-11-23,LinkedIn,2500
136,136,256,2022-11-21,2022-11-24,LinkedIn,0
137,137,257,2022-11-15,2022-11-23,LinkedIn,0
138,138,258,2022-12-12,2022-12-17,Employee Referral,0
139,139,259,2022-12-03,2022-12-12,Job Board,0
140,140,260,2022-12-25,2022-12-31,Employee Referral,1500
141,141,261,2022-11-29,2022-12-05,LinkedIn,0
142,142,262,2022-12-15,2022-12-23,Career Site,0
143,143,263,2022-12-22,2022-12-31,Agency,1500
144,144,264,2022-12-17,2022-12-24,Job Board,2500
145,145,265,2022-12-29,2023-01-05,Job Board,1500
146,146,266,2023-01-21,2023-01-27,Employee Referral,5000
147,147,267,2023-01-12,2023-01-15,Employee Referral,1500
148,148,268,2023-01-15,2023-01-20,Employee Referral,2500
149,149,269,2023-01-18,2023-01-27,Employee Referral,0
150,150,270,2023-01-18,2023-01-22,LinkedIn,0
151,151,271,2023-01-16,2023-01-25,LinkedIn,0
152,152,272,2023-01-10,2023-01-16,Job Board,0
153,153,273,2023-01-13,2023-01-17,Employee Referral,5000
154,154,274,2023-01-04,2023-01-10,Job Board,1500
155,155,275,2023-01-17,2023-01-22,Employee Referral,5000
156,156,276,2022-12-30,2023-01-02,LinkedIn,2500
157,157,277,2023-01-18,2023-01-26,Employee Referral,0
158,158,278,2023-01-01,2023-01-11,LinkedIn,0
159,159,279,2022-12-29,2023-01-05,Job Board,0
160,160,280,2022-12-27,2023-01-02,Job Board,0
161,161,281,2023-01-20,2023-01-26,Employee Referral,2500
162,162,282,2023-01-10,2023-01-15,LinkedIn,2500
163,163,283,2023-01-04,2023-01-14,Employee Referral,5000
164,164,284,2023-01-09,2023-01-15,Employee Referral,5000
165,165,285,2022-12-22,2023-01-01,Career Site,0
166,166,286,2023-01-05,2023-01-13,LinkedIn,2500
167,167,287,2023-01-06,2023-01-14,Employee Referral,0
168,168,288,2023-01-06,2023-01-12,Job Board,0
169,169,289,2023-01-02,2023-01-08,LinkedIn,0
170,170,290,2023-01-05,2023-01-09,Employee Referral,1500
171,171,291,2023-01-12,2023-01-22,LinkedIn,0
172,172,292,2023-01-23,2023-01-29,LinkedIn,2500
173,173,293,2023-02-04,2023-02-11,LinkedIn,0
174,174,294,2023-02-03,2023-02-10,Career Site,0
175,175,295,2023-02-20,2023-02-27,LinkedIn,0
176,176,296,2023-02-14,2023-02-18,Employee Referral,0
177,177,297,2023-02-09,2023-02-16,LinkedIn,1500
178,178,298,2023-02-21,2023-02-25,LinkedIn,5000
179,179,299,2023-01-25,2023-02-02,Employee Referral,0
180,180,300,2023-01-28,2023-02-07,Employee Referral,5000
181,181,301,2023-01-26,2023-02-03,Career Site,1500
182,182,302,2023-02-24,2023-02-28,Agency,0
183,183,303,2023-02-06,2023-02-15,Job Board,0
184,184,304,2023-02-16,2023-02-20,Job Board,0
185,185,305,2023-01-30,2023-02-09,LinkedIn,0
186,186,306,2023-02-03,2023-02-10,LinkedIn,5000
187,187,307,2023-02-12,2023-02-16,Employee Referral,2500
188,188,308,2023-02-16,2023-02-19,Employee Referral,0
189,189,309,2023-01-25,2023-02-02,Employee Referral,0
190,190,310,2023-02-09,2023-02-17,Job Board,0
191,191,311,2023-02-17,2023-02-22,Employee Referral,0
192,192,312,2023-02-04,2023-02-10,Employee Referral,2500
193,193,313,2023-02-17,2023-02-27,Career Site,0
194,194,314,2023-02-08,2023-02-12,LinkedIn,0
195,195,315,2023-02-19,2023-02-23,Job Board,0
196,196,316,2023-02-09,2023-02-16,LinkedIn,0
197,197,317,2023-02-14,2023-02-22,LinkedIn,0
198,198,318,2023-02-24,2023-02-28,Job Board,0
199,199,319,2023-02-21,2023-02-25,LinkedIn,0
200,200,320,2023-02-22,2023-03-04,LinkedIn,0
201,201,321,2023-03-06,2023-03-15,LinkedIn,0
202,202,322,2023-03-20,2023-03-29,Job Board,1500
203,203,323,2023-03-17,2023-03-22,Career Site,0
204,204,324,2023-02-28,2023-03-07,Job Board,5000
205,205,325,2023-03-02,2023-03-12,LinkedIn,1500
206,206,326,2023-03-22,2023-03-31,Career Site,2500
207,207,327,2023-02-27,2023-03-05,Job Board,0
208,208,328,2023-03-12,2023-03-16,Career Site,1500
209,209,329,2023-03-23,2023-03-28,Agency,1500
210,210,330,2023-02-28,2023-03-10,Job Board,1500
211,211,331,2023-02-27,2023-03-06,Job Board,0
212,212,332,2023-03-15,2023-03-19,LinkedIn,1500
213,213,333,2023-03-08,2023-03-12,LinkedIn,0
214,214,334,2023-02-24,2023-03-06,LinkedIn,2500
215,215,335,2023-03-01,2023-03-11,LinkedIn,2500
216,216,336,2023-03-16,2023-03-22,Agency,0
217,217,337,2023-03-06,2023-03-10,Job Board,2500
218,218,338,2023-02-24,2023-03-03,Employee Referral,1500
219,219,339,2023-03-08,2023-03-11,LinkedIn,5000
220,220,340,2023-03-19,2023-03-28,Employee Referral,2500
221,221,341,2023-04-17,2023-04-25,Career Site,0
222,222,342,2023-03-26,2023-04-05,Employee Referral,1500
223,223,343,2023-04-17,2023-04-26,Employee Referral,2500
224,224,344,2023-03-30,2023-04-06,Job Board,5000
225,225,345,2023-04-02,2023-04-12,LinkedIn,5000
226,226,346,2023-04-02,2023-04-07,Job Board,0
227,227,347,2023-04-21,2023-04-24,LinkedIn,5000
228,228,348,2023-04-12,2023-04-20,LinkedIn,1500
229,229,349,2023-04-05,2023-04-14,LinkedIn,2500
230,230,350,2023-03-23,2023-04-01,LinkedIn,0
231,231,351,2023-03-30,2023-04-07,Agency,0
232,232,352,2023-04-06,2023-04-16,Career Site,0
233,233,353,2023-04-09,2023-04-19,LinkedIn,0
234,234,354,2023-04-12,2023-04-21,Employee Referral,0
235,235,355,2023-04-23,2023-04-26,LinkedIn,1500
236,236,356,2023-04-14,2023-04-19,Career Site,5000
237,237,357,2023-04-03,2023-04-12,LinkedIn,2500
238,238,358,2023-04-20,2023-04-25,Career Site,0
239,239,359,2023-04-19,2023-04-27,Job Board,0
240,240,360,2023-04-14,2023-04-23,Job Board,0
241,241,361,2023-04-09,2023-04-15,LinkedIn,0
242,242,362,2023-04-21,2023-04-25,Employee Referral,0
243,243,363,2023-03-28,2023-04-04,LinkedIn,0
244,244,364,2023-04-05,2023-04-09,Agency,0
245,245,365,2023-04-28,2023-05-08,Employee Referral,0
246,246,366,2023-05-14,2023-05-23,LinkedIn,0
247,247,367,2023-05-19,2023-05-24,Job Board,0
248,248,368,2023-05-14,2023-05-24,Employee Referral,0
249,249,369,2023-05-08,2023-05-17,Career Site,0
250,250,370,2023-05-11,2023-05-21,Employee Referral,0
251,251,371,2023-05-05,2023-05-14,Job Board,0
252,252,372,2023-05-27,2023-05-30,Career Site,2500
253,253,373,2023-04-27,2023-05-06,Career Site,1500
254,254,374,2023-05-02,2023-05-12,LinkedIn,0
255,255,375,2023-04-21,2023-05-01,Career Site,0
256,256,376,2023-05-17,2023-05-20,Employee Referral,0
257,257,377,2023-04-27,2023-05-07,LinkedIn,1500
258,258,378,2023-05-07,2023-05-12,Agency,0
259,259,379,2023-05-11,2023-05-14,Job Board,0
260,260,380,2023-05-23,2023-05-31,Job Board,1500
261,261,381,2023-05-27,2023-05-30,LinkedIn,5000
262,262,382,2023-05-13,2023-05-22,Employee Referral,0
263,263,383,2023-05-15,2023-05-24,LinkedIn,0
264,264,384,2023-05-19,2023-05-26,Employee Referral,0
265,265,385,2023-05-08,2023-05-14,Job Board,0
266,266,386,2023-05-31,2023-06-07,Employee Referral,0
267,267,387,2023-05-24,2023-06-01,Employee Referral,0
268,268,388,2023-06-01,2023-06-07,Employee Referral,0
269,269,389,2023-06-24,2023-06-30,LinkedIn,1500
270,270,390,2023-06-06,2023-06-09,Employee Referral,0
271,271,391,2023-06-14,2023-06-23,LinkedIn,1500
272,272,392,2023-06-21,2023-06-28,Employee Referral,0
273,273,393,2023-05-31,2023-06-06,LinkedIn,0
274,274,394,2023-06-11,2023-06-18,Career Site,0
275,275,395,2023-06-18,2023-06-26,Job Board,0
276,276,396,2023-06-20,2023-06-23,Job Board,0
277,277,397,2023-06-02,2023-06-09,Employee Referral,5000
278,278,398,2023-06-12,2023-06-18,LinkedIn,5000
279,279,399,2023-06-02,2023-06-12,LinkedIn,5000
280,280,400,2023-06-01,2023-06-10,LinkedIn,0
281,281,401,2023-06-12,2023-06-21,Job Board,1500
282,282,402,2023-06-24,2023-06-27,Employee Referral,0
283,283,403,2023-06-22,2023-06-27,LinkedIn,0
284,284,404,2023-06-14,2023-06-23,Employee Referral,0
285,285,405,2023-06-04,2023-06-08,Employee Referral,1500
286,286,406,2023-05-30,2023-06-04,Agency,0
287,287,407,2023-06-07,2023-06-11,LinkedIn,0
288,288,408,2023-06-17,2023-06-22,Job Board,0
289,289,409,2023-06-28,2023-07-07,Employee Referral,0
290,290,410,2023-06-29,2023-07-05,LinkedIn,0
291,291,411,2023-07-03,2023-07-09,Employee Referral,2500
292,292,412,2023-07-14,2023-07-17,Job Board,0
293,293,413,2023-07-04,2023-07-07,Career Site,0
294,294,414,2023-07-16,2023-07-26,Career Site,0
295,295,415,2023-06-26,2023-07-02,Job Board,0
296,296,416,2023-06-21,2023-07-01,LinkedIn,0
297,297,417,2023-07-05,2023-07-13,Agency,0
298,298,418,2023-07-11,2023-07-14,Job Board,0
299,299,419,2023-07-02,2023-07-08,LinkedIn,0
300,300,420,2023-07-05,2023-07-13,Employee Referral,0
301,301,421,2023-07-06,2023-07-10,Job Board,0
302,302,422,2023-07-08,2023-07-14,LinkedIn,0
303,303,423,2023-07-24,2023-07-27,LinkedIn,0
304,304,424,2023-07-10,2023-07-13,Employee Referral,0
305,305,425,2023-06-28,2023-07-06,Career Site,0
306,306,426,2023-07-16,2023-07-19,Job Board,0
307,307,427,2023-07-24,2023-07-31,Job Board,0
308,308,428,2023-07-09,2023-07-15,LinkedIn,2500
309,309,429,2023-07-12,2023-07-19,LinkedIn,2500
310,310,430,2023-07-17,2023-07-27,Career Site,5000
311,311,431,2023-08-23,2023-08-31,Job Board,0
312,312,432,2023-08-06,2023-08-15,Employee Referral,0
313,313,433,2023-08-06,2023-08-11,Job Board,0
314,314,434,2023-08-22,2023-08-30,Employee Referral,0
315,315,435,2023-08-13,2023-08-19,Career Site,2500
316,316,436,2023-08-09,2023-08-19,Employee Referral,0
317,317,437,2023-08-23,2023-08-27,Job Board,5000
318,318,438,2023-08-18,2023-08-24,Job Board,1500
319,319,439,2023-08-01,2023-08-08,LinkedIn,0
320,320,440,2023-07-25,2023-08-04,Agency,0
321,321,441,2023-08-09,2023-08-14,LinkedIn,0
322,322,442,2023-08-24,2023-08-28,Job Board,0
323,323,443,2023-08-19,2023-08-29,Career Site,5000
324,324,444,2023-08-07,2023-08-10,LinkedIn,2500
325,325,445,2023-08-18,2023-08-22,Career Site,0
326,326,446,2023-08-05,2023-08-11,LinkedIn,1500
327,327,447,2023-08-13,2023-08-19,Employee Referral,0
328,328,448,2023-08-25,2023-08-30,Agency,0
329,329,449,2023-07-24,2023-08-02,Career Site,5000
330,330,450,2023-08-01,2023-08-05,Employee Referral,0
331,331,451,2023-08-16,2023-08-24,LinkedIn,0
332,332,452,2023-08-16,2023-08-24,Job Board,0
333,333,453,2023-09-13,2023-09-23,Job Board,2500
334,334,454,2023-08-27,2023-09-06,Employee Referral,0
335,335,455,2023-08-30,2023-09-04,Employee Referral,1500
336,336,456,2023-09-16,2023-09-22,Job Board,0
337,337,457,2023-09-07,2023-09-17,Employee Referral,1500
338,338,458,2023-09-24,2023-09-30,Employee Referral,2500
339,339,459,2023-09-15,2023-09-18,Career Site,1500
340,340,460,2023-09-17,2023-09-23,LinkedIn,0
341,341,461,2023-09-07,2023-09-13,Employee Referral,0
342,342,462,2023-08-26,2023-09-01,LinkedIn,5000
343,343,463,2023-09-04,2023-09-08,Agency,0
344,344,464,2023-09-15,2023-09-24,LinkedIn,0
345,345,465,2023-09-21,2023-09-28,LinkedIn,5000
346,346,466,2023-09-07,2023-09-13,Career Site,1500
347,347,467,2023-09-07,2023-09-16,Career Site,0
348,348,468,2023-09-10,2023-09-16,Employee Referral,1500
349,349,469,2023-08-27,2023-09-03,Job Board,1500
350,350,470,2023-09-01,2023-09-11,Job Board,2500
351,351,471,2023-09-17,2023-09-21,LinkedIn,1500
352,352,472,2023-09-09,2023-09-13,Agency,0
353,353,473,2023-09-07,2023-09-16,LinkedIn,0
354,354,474,2023-10-16,2023-10-25,LinkedIn,1500
355,355,475,2023-10-01,2023-10-05,LinkedIn,0
356,356,476,2023-09-26,2023-10-05,Job Board,2500
357,357,477,2023-10-22,2023-10-27,Employee Referral,0
358,358,478,2023-10-12,2023-10-22,Job Board,0
359,359,479,2023-10-03,2023-10-10,Employee Referral,0
360,360,480,2023-10-06,2023-10-14,Job Board,0
361,361,481,2023-10-15,2023-10-22,Agency,0
362,362,482,2023-10-01,2023-10-11,LinkedIn,0
363,363,483,2023-10-13,2023-10-22,Agency,0
364,364,484,2023-10-10,2023-10-19,Job Board,1500
365,365,485,2023-09-23,2023-10-02,Job Board,5000
366,366,486,2023-09-27,2023-10-07,Agency,0
367,367,487,2023-10-15,2023-10-22,Career Site,0
368,368,488,2023-10-21,2023-10-25,Agency,0
369,369,489,2023-10-10,2023-10-18,Job Board,2500
370,370,490,2023-10-01,2023-10-06,Agency,0
371,371,491,2023-09-25,2023-10-04,Employee Referral,2500
372,372,492,2023-11-11,2023-11-21,LinkedIn,1500
373,373,493,2023-11-21,2023-11-25,Job Board,1500
374,374,494,2023-10-27,2023-11-03,LinkedIn,2500
375,375,495,2023-11-18,2023-11-28,Job Board,0
376,376,496,2023-11-05,2023-11-15,Employee Referral,0
377,377,497,2023-11-06,2023-11-10,Career Site,0
378,378,498,2023-10-29,2023-11-08,Agency,0
379,379,499,2023-11-16,2023-11-26,Employee Referral,1500
380,380,500,2023-11-14,2023-11-23,Employee Referral,0
381,381,501,2023-11-04,2023-11-09,LinkedIn,0
382,382,502,2023-12-16,2023-12-22,Agency,0
383,383,503,2023-12-11,2023-12-16,LinkedIn,2500
384,384,504,2023-12-18,2023-12-25,Career Site,1500
385,385,505,2023-12-08,2023-12-14,Employee Referral,5000
386,386,506,2023-12-06,2023-12-16,Employee Referral,0
387,387,507,2023-11-22,2023-12-01,Employee Referral,0
388,388,508,2023-12-16,2023-12-26,Agency,2500
389,389,509,2024-01-10,2024-01-14,Job Board,0
390,390,510,2024-01-20,2024-01-23,Employee Referral,5000
391,391,511,2023-12-25,2024-01-02,Career Site,0
392,392,512,2023-12-30,2024-01-09,LinkedIn,2500
393,393,513,2024-01-19,2024-01-29,Job Board,0
394,394,514,2024-01-11,2024-01-21,Career Site,0
395,395,515,2024-01-01,2024-01-04,LinkedIn,0
396,396,516,2024-01-02,2024-01-11,LinkedIn,0
397,397,517,2024-01-17,2024-01-23,Career Site,1500
398,398,518,2024-01-19,2024-01-26,Job Board,0
399,399,519,2024-01-03,2024-01-08,LinkedIn,0
400,400,520,2024-01-14,2024-01-17,LinkedIn,5000
401,401,521,2024-01-15,2024-01-24,LinkedIn,1500
402,402,522,2024-01-20,2024-01-26,Career Site,0
403,403,523,2024-01-03,2024-01-07,Job Board,0
404,404,524,2024-01-02,2024-01-07,Employee Referral,1500
405,405,525,2024-01-09,2024-01-16,LinkedIn,0
406,406,526,2023-12-27,2024-01-02,LinkedIn,1500
407,407,527,2024-01-27,2024-01-30,Job Board,0
408,408,528,2024-01-11,2024-01-15,Employee Referral,0
409,409,529,2023-12-28,2024-01-06,Job Board,2500
410,410,530,2024-01-03,2024-01-13,Job Board,0
411,411,531,2024-01-03,2024-01-10,Employee Referral,0
412,412,532,2024-01-24,2024-01-29,LinkedIn,1500
413,413,533,2024-01-09,2024-01-18,Employee Referral,5000
414,414,534,2024-01-19,2024-01-25,LinkedIn,0
415,415,535,2024-01-12,2024-01-20,Agency,1500
416,416,536,2023-12-27,2024-01-04,Employee Referral,2500
417,417,537,2024-01-08,2024-01-14,Job Board,0
418,418,538,2024-01-22,2024-01-26,Career Site,0
419,419,539,2024-01-31,2024-02-03,Employee Referral,2500
420,420,540,2024-01-28,2024-02-03,Agency,2500
421,421,541,2024-02-11,2024-02-21,LinkedIn,1500
422,422,542,2024-02-05,2024-02-10,Job Board,0
423,423,543,2024-02-22,2024-02-26,Career Site,0
424,424,544,2024-02-12,2024-02-17,LinkedIn,0
425,425,545,2024-02-01,2024-02-06,Agency,5000
426,426,546,2024-02-12,2024-02-20,Career Site,0
427,427,547,2024-02-11,2024-02-18,Employee Referral,0
428,428,548,2024-02-20,2024-02-24,LinkedIn,1500
429,429,549,2024-01-28,2024-02-02,LinkedIn,1500
430,430,550,2024-02-11,2024-02-16,Agency,0
431,431,551,2024-01-30,2024-02-09,Job Board,0
432,432,552,2024-02-20,2024-02-28,Employee Referral,0
433,433,553,2024-02-11,2024-02-15,Employee Referral,1500
434,434,554,2024-01-30,2024-02-02,Agency,0
435,435,555,2024-02-08,2024-02-13,LinkedIn,0
436,436,556,2024-02-17,2024-02-22,LinkedIn,5000
437,437,557,2024-02-18,2024-02-21,Career Site,2500
438,438,558,2024-02-20,2024-02-25,Agency,0
439,439,559,2024-01-26,2024-02-02,Employee Referral,2500
440,440,560,2024-02-14,2024-02-21,Job Board,0
441,441,561,2024-02-09,2024-02-18,LinkedIn,1500
442,442,562,2024-02-03,2024-02-07,Career Site,5000
443,443,563,2024-02-10,2024-02-15,Agency,0
444,444,564,2024-02-02,2024-02-07,Employee Referral,5000
445,445,565,2024-01-31,2024-02-08,Employee Referral,5000
446,446,566,2024-01-25,2024-02-02,LinkedIn,0
447,447,567,2024-03-19,2024-03-25,LinkedIn,5000
448,448,568,2024-03-09,2024-03-17,Employee Referral,0
449,449,569,2024-03-09,2024-03-16,Job Board,0
450,450,570,2024-02-26,2024-03-07,Career Site,0
451,451,571,2024-03-10,2024-03-17,LinkedIn,0
452,452,572,2024-03-05,2024-03-15,Agency,5000
453,453,573,2024-03-12,2024-03-17,LinkedIn,5000
454,454,574,2024-03-22,2024-03-26,Employee Referral,5000
455,455,575,2024-03-08,2024-03-16,Agency,1500
456,456,576,2024-02-24,2024-03-05,Employee Referral,2500
457,457,577,2024-03-03,2024-03-10,Agency,2500
458,458,578,2024-03-20,2024-03-24,LinkedIn,0
459,459,579,2024-03-07,2024-03-14,LinkedIn,0
460,460,580,2024-03-11,2024-03-19,Job Board,0
461,461,581,2024-03-04,2024-03-11,Job Board,0
462,462,582,2024-03-11,2024-03-17,Career Site,1500
463,463,583,2024-03-16,2024-03-21,Career Site,0
464,464,584,2024-03-25,2024-03-31,Job Board,0
465,465,585,2024-03-16,2024-03-20,LinkedIn,2500
466,466,586,2024-02-29,2024-03-09,Job Board,2500
467,467,587,2024-03-15,2024-03-22,Employee Referral,1500
468,468,588,2024-02-25,2024-03-05,Job Board,5000
469,469,589,2024-03-19,2024-03-24,Job Board,0
470,470,590,2024-03-02,2024-03-07,LinkedIn,0
471,471,591,2024-03-24,2024-04-01,LinkedIn,0
472,472,592,2024-03-31,2024-04-07,LinkedIn,0
473,473,593,2024-04-18,2024-04-21,LinkedIn,2500
474,474,594,2024-04-20,2024-04-29,Employee Referral,2500
475,475,595,2024-03-29,2024-04-01,Job Board,0
476,476,596,2024-04-06,2024-04-11,Employee Referral,0
477,477,597,2024-04-19,2024-04-24,Employee Referral,0
478,478,598,2024-03-31,2024-04-05,Agency,0
479,479,599,2024-03-30,2024-04-04,Employee Referral,0
480,480,600,2024-04-10,2024-04-20,Employee Referral,5000
481,481,601,2024-04-08,2024-04-12,LinkedIn,5000
482,482,602,2024-04-08,2024-04-11,Employee Referral,5000
483,483,603,2024-04-16,2024-04-25,LinkedIn,2500
484,484,604,2024-04-13,2024-04-17,Agency,2500
485,485,605,2024-04-18,2024-04-24,Employee Referral,0
486,486,606,2024-04-01,2024-04-05,LinkedIn,0
487,487,607,2024-04-09,2024-04-12,LinkedIn,5000
488,488,608,2024-03-28,2024-04-02,Employee Referral,5000
489,489,609,2024-04-05,2024-04-08,LinkedIn,1500
490,490,610,2024-03-30,2024-04-07,Employee Referral,1500
491,491,611,2024-03-31,2024-04-04,LinkedIn,1500
492,492,612,2024-04-21,2024-04-28,LinkedIn,0
493,493,613,2024-04-05,2024-04-13,Employee Referral,1500
494,494,614,2024-04-03,2024-04-12,Employee Referral,0
495,495,615,2024-04-14,2024-04-17,LinkedIn,1500
496,496,616,2024-04-10,2024-04-13,Employee Referral,0
497,497,617,2024-04-08,2024-04-13,LinkedIn,0
498,498,618,2024-04-11,2024-04-14,LinkedIn,2500
499,499,619,2024-05-21,2024-05-30,LinkedIn,1500
500,500,620,2024-05-05,2024-05-08,Employee Referral,5000
501,501,621,2024-05-18,2024-05-24,LinkedIn,2500
502,502,622,2024-04-30,2024-05-08,Agency,0
503,503,623,2024-05-11,2024-05-14,Job Board,0
504,504,624,2024-05-19,2024-05-29,Career Site,0
505,505,625,2024-05-07,2024-05-13,Employee Referral,0
506,506,626,2024-05-19,2024-05-26,LinkedIn,1500
507,507,627,2024-04-29,2024-05-03,Employee Referral,0
508,508,628,2024-04-28,2024-05-08,Employee Referral,0
509,509,629,2024-05-11,2024-05-18,LinkedIn,0
510,510,630,2024-05-17,2024-05-23,Job Board,0
511,511,631,2024-05-24,2024-05-27,LinkedIn,0
512,512,632,2024-04-30,2024-05-07,Agency,5000
513,513,633,2024-05-06,2024-05-09,Employee Referral,1500
514,514,634,2024-04-29,2024-05-09,Career Site,0
515,515,635,2024-05-15,2024-05-25,Employee Referral,0
516,516,636,2024-04-30,2024-05-04,Career Site,1500
517,517,637,2024-05-17,2024-05-27,Career Site,0
518,518,638,2024-05-05,2024-05-15,Job Board,0
519,519,639,2024-04-25,2024-05-04,LinkedIn,0
520,520,640,2024-04-30,2024-05-05,Job Board,0
521,521,641,2024-05-17,2024-05-20,LinkedIn,5000
522,522,642,2024-05-19,2024-05-23,Agency,0
523,523,643,2024-05-20,2024-05-23,Career Site,2500
524,524,644,2024-05-14,2024-05-18,LinkedIn,1500
525,525,645,2024-05-28,2024-06-07,LinkedIn,0
526,526,646,2024-06-23,2024-06-26,LinkedIn,5000
527,527,647,2024-06-02,2024-06-06,Employee Referral,5000
528,528,648,2024-05-27,2024-06-05,Job Board,0
529,529,649,2024-05-30,2024-06-04,Employee Referral,0
530,530,650,2024-06-05,2024-06-10,LinkedIn,0
531,531,651,2024-05-30,2024-06-09,Job Board,1500
532,532,652,2024-06-08,2024-06-13,LinkedIn,1500
533,533,653,2024-06-13,2024-06-21,Agency,2500
534,534,654,2024-05-31,2024-06-04,Employee Referral,0
535,535,655,2024-06-09,2024-06-18,Employee Referral,2500
536,536,656,2024-06-02,2024-06-05,Employee Referral,2500
537,537,657,2024-06-10,2024-06-15,Agency,0
538,538,658,2024-05-26,2024-06-02,Career Site,2500
539,539,659,2024-06-07,2024-06-14,Employee Referral,1500
540,540,660,2024-06-18,2024-06-23,Job Board,0
541,541,661,2024-06-05,2024-06-11,Employee Referral,0
542,542,662,2024-06-10,2024-06-13,Employee Referral,0
543,543,663,2024-06-18,2024-06-28,LinkedIn,0
544,544,664,2024-06-29,2024-07-02,LinkedIn,0
545,545,665,2024-06-28,2024-07-01,Career Site,5000
546,546,666,2024-07-06,2024-07-14,Employee Referral,0
547,547,667,2024-07-02,2024-07-08,Employee Referral,0
548,548,668,2024-07-23,2024-07-27,Job Board,0
549,549,669,2024-07-05,2024-07-15,LinkedIn,1500
550,550,670,2024-07-03,2024-07-10,LinkedIn,0
551,551,671,2024-06-29,2024-07-08,Employee Referral,0
552,552,672,2024-07-21,2024-07-24,Job Board,5000
553,553,673,2024-07-09,2024-07-18,LinkedIn,5000
554,554,674,2024-07-18,2024-07-28,Job Board,0
555,555,675,2024-06-21,2024-07-01,Job Board,0
556,556,676,2024-06-25,2024-07-02,Agency,0
557,557,677,2024-06-29,2024-07-07,LinkedIn,2500
558,558,678,2024-06-26,2024-07-06,LinkedIn,5000
559,559,679,2024-06-29,2024-07-06,Employee Referral,0
560,560,680,2024-07-06,2024-07-10,LinkedIn,0
561,561,681,2024-06-24,2024-07-03,Agency,0
562,562,682,2024-06-29,2024-07-06,LinkedIn,0
563,563,683,2024-07-13,2024-07-16,LinkedIn,1500
564,564,684,2024-07-09,2024-07-13,Agency,5000
565,565,685,2024-07-03,2024-07-09,LinkedIn,5000
566,566,686,2024-08-15,2024-08-20,Career Site,0
567,567,687,2024-08-16,2024-08-22,Employee Referral,1500
568,568,688,2024-08-09,2024-08-14,Agency,1500
569,569,689,2024-08-05,2024-08-13,LinkedIn,0
570,570,690,2024-07-24,2024-08-03,LinkedIn,2500
571,571,691,2024-07-27,2024-08-05,LinkedIn,0
572,572,692,2024-08-08,2024-08-12,Job Board,2500
573,573,693,2024-07-25,2024-08-03,Employee Referral,0
574,574,694,2024-07-26,2024-08-04,Employee Referral,2500
575,575,695,2024-08-02,2024-08-12,Employee Referral,5000
576,576,696,2024-07-31,2024-08-09,Job Board,1500
577,577,697,2024-07-29,2024-08-07,LinkedIn,0
578,578,698,2024-08-01,2024-08-06,Employee Referral,0
579,579,699,2024-08-11,2024-08-16,LinkedIn,0
580,580,700,2024-08-02,2024-08-09,Employee Referral,0
581,581,701,2024-07-31,2024-08-10,Job Board,0
582,582,702,2024-08-24,2024-08-28,LinkedIn,0
583,583,703,2024-08-03,2024-08-08,Job Board,1500
584,584,704,2024-08-21,2024-08-24,Employee Referral,1500
585,585,705,2024-08-07,2024-08-10,LinkedIn,0
586,586,706,2024-07-30,2024-08-06,Job Board,5000
587,587,707,2024-08-20,2024-08-29,Employee Referral,1500
588,588,708,2024-08-26,2024-09-01,LinkedIn,2500
589,589,709,2024-09-09,2024-09-13,Agency,5000
590,590,710,2024-08-30,2024-09-04,Job Board,5000
591,591,711,2024-09-14,2024-09-24,Career Site,0
592,592,712,2024-09-24,2024-09-29,Employee Referral,0
593,593,713,2024-09-14,2024-09-17,LinkedIn,1500
594,594,714,2024-09-17,2024-09-24,Career Site,1500
595,595,715,2024-09-16,2024-09-22,LinkedIn,0
596,596,716,2024-09-23,2024-09-28,LinkedIn,1500
597,597,717,2024-09-06,2024-09-13,Employee Referral,0
598,598,718,2024-09-25,2024-09-30,LinkedIn,0
599,599,719,2024-09-04,2024-09-09,Agency,0
600,600,720,2024-09-05,2024-09-12,Agency,0
601,601,721,2024-09-10,2024-09-19,Career Site,0
602,602,722,2024-09-05,2024-09-08,Employee Referral,2500
603,603,723,2024-09-27,2024-09-30,LinkedIn,2500
604,604,724,2024-09-09,2024-09-18,Employee Referral,5000
605,605,725,2024-09-15,2024-09-20,LinkedIn,2500
606,606,726,2024-08-29,2024-09-07,LinkedIn,5000
607,607,727,2024-09-14,2024-09-17,Employee Referral,0
608,608,728,2024-09-14,2024-09-21,Job Board,0
609,609,729,2024-09-19,2024-09-26,LinkedIn,2500
610,610,730,2024-08-22,2024-09-01,Job Board,0
611,611,731,2024-09-10,2024-09-15,Job Board,0
612,612,732,2024-09-08,2024-09-17,LinkedIn,0
613,613,733,2024-10-04,2024-10-09,Agency,0
614,614,734,2024-10-14,2024-10-22,LinkedIn,0
615,615,735,2024-09-29,2024-10-05,Job Board,0
616,616,736,2024-10-11,2024-10-14,Career Site,5000
617,617,737,2024-09-25,2024-10-02,Agency,2500
618,618,738,2024-10-01,2024-10-06,Agency,2500
619,619,739,2024-10-11,2024-10-20,LinkedIn,1500
620,620,740,2024-10-23,2024-10-30,LinkedIn,1500
621,621,741,2024-10-01,2024-10-09,LinkedIn,5000
622,622,742,2024-09-30,2024-10-07,Job Board,0
623,623,743,2024-10-11,2024-10-19,Career Site,5000
624,624,744,2024-10-19,2024-10-24,Employee Referral,5000
625,625,745,2024-10-22,2024-10-26,Employee Referral,5000
626,626,746,2024-10-20,2024-10-29,Employee Referral,1500
627,627,747,2024-10-20,2024-10-23,LinkedIn,1500
628,628,748,2024-10-09,2024-10-19,Employee Referral,0
629,629,749,2024-10-17,2024-10-20,Career Site,0
630,630,750,2024-09-27,2024-10-03,LinkedIn,2500
631,631,751,2024-10-23,2024-10-27,LinkedIn,0
632,632,752,2024-09-27,2024-10-02,Job Board,2500
633,633,753,2024-10-13,2024-10-18,LinkedIn,2500
634,634,754,2024-10-01,2024-10-04,Agency,1500
635,635,755,2024-10-13,2024-10-19,LinkedIn,1500
636,636,756,2024-10-24,2024-10-27,Job Board,0
637,637,757,2024-10-20,2024-10-26,Employee Referral,1500
638,638,758,2024-11-18,2024-11-22,LinkedIn,1500
639,639,759,2024-11-10,2024-11-20,LinkedIn,1500
640,640,760,2024-11-19,2024-11-25,LinkedIn,5000
641,641,761,2024-11-03,2024-11-08,Agency,0
642,642,762,2024-11-19,2024-11-27,LinkedIn,2500
643,643,763,2024-10-29,2024-11-04,Employee Referral,0
644,644,764,2024-11-01,2024-11-09,LinkedIn,0
645,645,765,2024-12-10,2024-12-14,LinkedIn,0
646,646,766,2024-12-09,2024-12-19,Job Board,5000
647,647,767,2024-12-21,2024-12-27,Career Site,1500
648,648,768,2024-12-08,2024-12-12,LinkedIn,1500
649,649,769,2024-12-15,2024-12-22,Employee Referral,2500
650,650,770,2024-12-10,2024-12-18,LinkedIn,2500
651,651,771,2024-11-28,2024-12-08,Job Board,0
652,652,772,2024-12-15,2024-12-22,Employee Referral,0
653,653,773,2024-11-28,2024-12-08,LinkedIn,0
654,654,774,2024-12-12,2024-12-21,Employee Referral,1500
655,655,775,2025-01-06,2025-01-14,Employee Referral,5000
656,656,776,2025-01-12,2025-01-22,LinkedIn,2500
657,657,777,2025-01-21,2025-01-28,LinkedIn,0
658,658,778,2024-12-28,2025-01-05,LinkedIn,2500
659,659,779,2025-01-21,2025-01-30,LinkedIn,0
660,660,780,2025-01-11,2025-01-17,Job Board,0
661,661,781,2025-01-20,2025-01-30,Job Board,2500
662,662,782,2025-01-22,2025-01-28,Career Site,0
663,663,783,2025-01-07,2025-01-16,Agency,2500
664,664,784,2025-01-15,2025-01-18,LinkedIn,5000
665,665,785,2025-01-01,2025-01-08,Job Board,0
666,666,786,2025-01-17,2025-01-22,Employee Referral,5000
667,667,787,2025-01-09,2025-01-13,Career Site,5000
668,668,788,2025-01-22,2025-01-30,Career Site,5000
669,669,789,2025-01-20,2025-01-28,Employee Referral,1500
670,670,790,2025-01-02,2025-01-08,Employee Referral,0
671,671,791,2025-01-06,2025-01-16,Agency,1500
672,672,792,2025-01-24,2025-01-30,Employee Referral,1500
673,673,793,2024-12-31,2025-01-05,Job Board,2500
674,674,794,2025-01-17,2025-01-25,Agency,0
675,675,795,2025-01-05,2025-01-08,Employee Referral,0
676,676,796,2024-12-30,2025-01-05,Agency,5000
677,677,797,2025-01-05,2025-01-12,LinkedIn,0
678,678,798,2025-01-06,2025-01-10,Job Board,2500
679,679,799,2025-01-21,2025-01-30,LinkedIn,0
680,680,800,2024-12-29,2025-01-06,LinkedIn,0
681,681,801,2025-01-21,2025-01-30,LinkedIn,0
682,682,802,2025-01-09,2025-01-14,LinkedIn,1500
683,683,803,2025-01-01,2025-01-07,LinkedIn,1500
684,684,804,2025-01-21,2025-01-24,LinkedIn,2500
685,685,805,2025-01-21,2025-01-31,Job Board,0
686,686,806,2024-12-31,2025-01-03,LinkedIn,1500
687,687,807,2025-01-10,2025-01-16,Job Board,2500
688,688,808,2025-02-10,2025-02-17,Employee Referral,0
689,689,809,2025-02-05,2025-02-14,Agency,5000
690,690,810,2025-02-11,2025-02-21,LinkedIn,0
691,691,811,2025-02-08,2025-02-15,LinkedIn,1500
692,692,812,2025-02-10,2025-02-15,Employee Referral,2500
693,693,813,2025-02-04,2025-02-13,Job Board,0
694,694,814,2025-01-23,2025-02-01,LinkedIn,5000
695,695,815,2025-02-10,2025-02-18,Career Site,5000
696,696,816,2025-02-07,2025-02-15,Employee Referral,5000
697,697,817,2025-01-31,2025-02-03,Job Board,2500
698,698,818,2025-02-19,2025-02-23,Agency,0
699,699,819,2025-02-10,2025-02-16,LinkedIn,1500
700,700,820,2025-02-16,2025-02-19,Employee Referral,0
701,701,821,2025-01-26,2025-02-03,Employee Referral,0
702,702,822,2025-01-27,2025-02-01,LinkedIn,0
703,703,823,2025-02-14,2025-02-22,Employee Referral,5000
704,704,824,2025-02-13,2025-02-20,Job Board,5000
705,705,825,2025-01-25,2025-02-02,LinkedIn,0
706,706,826,2025-01-28,2025-02-07,Job Board,1500
707,707,827,2025-02-14,2025-02-24,Job Board,0
708,708,828,2025-01-30,2025-02-02,LinkedIn,2500
709,709,829,2025-02-19,2025-02-27,LinkedIn,0
710,710,830,2025-02-15,2025-02-19,Job Board,0
711,711,831,2025-01-27,2025-02-03,Career Site,1500
712,712,832,2025-02-08,2025-02-17,Agency,0
713,713,833,2025-02-04,2025-02-07,LinkedIn,0
714,714,834,2025-02-20,2025-02-28,LinkedIn,0
715,715,835,2025-01-30,2025-02-06,Career Site,1500
716,716,836,2025-01-30,2025-02-09,LinkedIn,0
717,717,837,2025-02-08,2025-02-18,Employee Referral,0
718,718,838,2025-02-16,2025-02-26,Job Board,2500
719,719,839,2025-03-06,2025-03-10,Career Site,0
720,720,840,2025-03-17,2025-03-26,LinkedIn,0
721,721,841,2025-03-10,2025-03-17,Employee Referral,0
722,722,842,2025-02-26,2025-03-07,LinkedIn,5000
723,723,843,2025-03-06,2025-03-10,LinkedIn,0
724,724,844,2025-02-20,2025-03-01,Career Site,0
725,725,845,2025-03-22,2025-03-29,Job Board,0
726,726,846,2025-02-20,2025-03-01,Job Board,1500
727,727,847,2025-03-25,2025-03-30,LinkedIn,5000
728,728,848,2025-03-05,2025-03-10,Agency,2500
729,729,849,2025-03-22,2025-03-28,Career Site,1500
730,730,850,2025-03-09,2025-03-17,Employee Referral,0
731,731,851,2025-03-11,2025-03-17,Employee Referral,0
732,732,852,2025-02-23,2025-03-03,LinkedIn,5000
733,733,853,2025-03-13,2025-03-16,Employee Referral,0
734,734,854,2025-03-01,2025-03-07,Job Board,5000
735,735,855,2025-03-22,2025-03-27,LinkedIn,0
736,736,856,2025-03-18,2025-03-24,Job Board,2500
737,737,857,2025-03-25,2025-03-29,Career Site,0
738,738,858,2025-03-06,2025-03-14,Agency,1500
739,739,859,2025-02-28,2025-03-10,Job Board,5000
740,740,860,2025-02-24,2025-03-06,Employee Referral,0
741,741,861,2025-03-21,2025-03-28,Agency,0
742,742,862,2025-02-27,2025-03-02,LinkedIn,0
743,743,863,2025-02-27,2025-03-08,LinkedIn,0
744,744,864,2025-03-05,2025-03-08,LinkedIn,0
745,745,865,2025-02-25,2025-03-07,LinkedIn,1500
746,746,866,2025-03-18,2025-03-25,Employee Referral,0
747,747,867,2025-03-02,2025-03-11,LinkedIn,0
748,748,868,2025-03-13,2025-03-21,LinkedIn,0
749,749,869,2025-02-28,2025-03-05,Job Board,0
750,750,870,2025-04-21,2025-04-28,LinkedIn,0
751,751,871,2025-04-19,2025-04-22,Agency,0
752,752,872,2025-03-28,2025-04-04,LinkedIn,5000
753,753,873,2025-04-25,2025-04-30,Employee Referral,0
754,754,874,2025-04-01,2025-04-11,Employee Referral,0
755,755,875,2025-04-03,2025-04-07,Agency,2500
756,756,876,2025-04-20,2025-04-28,Job Board,0
757,757,877,2025-04-01,2025-04-08,LinkedIn,0
758,758,878,2025-04-11,2025-04-15,Employee Referral,5000
759,759,879,2025-04-16,2025-04-24,LinkedIn,0
760,760,880,2025-04-20,2025-04-28,Employee Referral,2500
761,761,881,2025-04-18,2025-04-28,Employee Referral,5000
762,762,882,2025-04-11,2025-04-16,Employee Referral,0
763,763,883,2025-04-18,2025-04-26,Job Board,0
764,764,884,2025-04-06,2025-04-10,Career Site,1500
765,765,885,2025-04-01,2025-04-07,LinkedIn,0
766,766,886,2025-04-26,2025-04-30,Employee Referral,0
767,767,887,2025-04-01,2025-04-05,Agency,5000
768,768,888,2025-04-01,2025-04-09,Job Board,0
769,769,889,2025-04-05,2025-04-11,Career Site,0
770,770,890,2025-04-27,2025-04-30,Employee Referral,0
771,771,891,2025-04-16,2025-04-24,Employee Referral,0
772,772,892,2025-04-09,2025-04-18,LinkedIn,0
773,773,893,2025-04-12,2025-04-20,Career Site,5000
774,774,894,2025-03-28,2025-04-03,LinkedIn,0
775,775,895,2025-05-16,2025-05-25,Employee Referral,0
776,776,896,2025-04-30,2025-05-05,Agency,0
777,777,897,2025-04-25,2025-05-02,Employee Referral,5000
778,778,898,2025-05-01,2025-05-06,Agency,2500
779,779,899,2025-05-05,2025-05-15,Employee Referral,0
780,780,900,2025-05-25,2025-05-28,LinkedIn,0
781,781,901,2025-05-16,2025-05-23,Agency,5000
782,782,902,2025-05-07,2025-05-12,LinkedIn,2500
783,783,903,2025-05-05,2025-05-11,Career Site,0
784,784,904,2025-05-06,2025-05-15,LinkedIn,1500
785,785,905,2025-05-06,2025-05-14,Job Board,5000
786,786,906,2025-05-09,2025-05-18,Career Site,0
787,787,907,2025-05-13,2025-05-20,Agency,5000
788,788,908,2025-05-15,2025-05-23,LinkedIn,0
789,789,909,2025-05-16,2025-05-19,LinkedIn,0
790,790,910,2025-05-25,2025-05-30,LinkedIn,0
791,791,911,2025-05-28,2025-05-31,Job Board,5000
792,792,912,2025-05-07,2025-05-12,Employee Referral,0
793,793,913,2025-05-08,2025-05-13,Employee Referral,0
794,794,914,2025-04-25,2025-05-05,LinkedIn,0
795,795,915,2025-05-21,2025-05-28,Agency,0
796,796,916,2025-05-09,2025-05-12,Career Site,2500
797,797,917,2025-05-26,2025-05-29,LinkedIn,1500
798,798,918,2025-05-12,2025-05-22,Job Board,1500
799,799,919,2025-04-28,2025-05-08,Employee Referral,0
800,800,920,2025-05-06,2025-05-10,Employee Referral,0
801,801,921,2025-04-30,2025-05-08,Career Site,0
802,802,922,2025-04-24,2025-05-04,Employee Referral,2500
803,803,923,2025-05-12,2025-05-18,Employee Referral,5000
804,804,924,2025-05-15,2025-05-19,Career Site,0
805,805,925,2025-06-20,2025-06-30,Employee Referral,2500
806,806,926,2025-06-13,2025-06-16,LinkedIn,0
807,807,927,2025-05-30,2025-06-07,Career Site,0
808,808,928,2025-06-11,2025-06-18,LinkedIn,0
809,809,929,2025-06-14,2025-06-21,Employee Referral,0
810,810,930,2025-06-20,2025-06-24,Career Site,2500
811,811,931,2025-06-17,2025-06-26,Employee Referral,0
812,812,932,2025-05-25,2025-06-01,Agency,2500
813,813,933,2025-05-28,2025-06-05,LinkedIn,1500
814,814,934,2025-06-17,2025-06-21,LinkedIn,0
815,815,935,2025-06-04,2025-06-14,LinkedIn,0
816,816,936,2025-06-12,2025-06-18,LinkedIn,2500
817,817,937,2025-06-17,2025-06-20,Employee Referral,1500
818,818,938,2025-06-15,2025-06-22,Job Board,1500
819,819,939,2025-06-13,2025-06-22,Career Site,2500
820,820,940,2025-06-13,2025-06-18,Employee Referral,5000
821,821,941,2025-06-19,2025-06-29,LinkedIn,0
822,822,942,2025-06-14,2025-06-19,Job Board,1500
823,823,943,2025-06-03,2025-06-10,Career Site,1500
824,824,944,2025-06-21,2025-06-25,LinkedIn,0
825,825,945,2025-06-14,2025-06-24,Employee Referral,2500
826,826,946,2025-06-01,2025-06-09,Job Board,0
827,827,947,2025-06-08,2025-06-14,LinkedIn,5000
828,828,948,2025-06-19,2025-06-28,LinkedIn,2500
829,829,949,2025-06-02,2025-06-05,Job Board,0
830,830,950,2025-06-26,2025-06-29,LinkedIn,5000
831,831,951,2025-06-13,2025-06-19,Job Board,5000
832,832,952,2025-06-16,2025-06-25,Employee Referral,1500
833,833,953,2025-07-14,2025-07-23,LinkedIn,1500
834,834,954,2025-07-08,2025-07-13,LinkedIn,5000
835,835,955,2025-06-25,2025-07-04,Career Site,0
836,836,956,2025-07-17,2025-07-22,Employee Referral,0
837,837,957,2025-07-22,2025-07-25,LinkedIn,1500
838,838,958,2025-07-15,2025-07-24,LinkedIn,2500
839,839,959,2025-07-17,2025-07-26,Employee Referral,5000
840,840,960,2025-07-21,2025-07-30,LinkedIn,5000
841,841,961,2025-07-14,2025-07-22,Job Board,0
842,842,962,2025-07-01,2025-07-07,Employee Referral,0
843,843,963,2025-07-04,2025-07-09,Employee Referral,0
844,844,964,2025-06-30,2025-07-09,Career Site,0
845,845,965,2025-07-23,2025-07-26,Career Site,0
846,846,966,2025-07-16,2025-07-23,Job Board,0
847,847,967,2025-07-20,2025-07-26,Job Board,0
848,848,968,2025-07-14,2025-07-17,Career Site,2500
849,849,969,2025-06-27,2025-07-01,Agency,5000
850,850,970,2025-06-29,2025-07-02,Employee Referral,5000
851,851,971,2025-06-29,2025-07-04,LinkedIn,5000
852,852,972,2025-07-25,2025-07-30,Employee Referral,5000
853,853,973,2025-07-17,2025-07-24,Job Board,2500
854,854,974,2025-07-18,2025-07-24,LinkedIn,0
855,855,975,2025-06-30,2025-07-09,Job Board,0
856,856,976,2025-07-19,2025-07-28,LinkedIn,0
857,857,977,2025-07-29,2025-08-07,LinkedIn,2500
858,858,978,2025-08-18,2025-08-26,Job Board,0
859,859,979,2025-08-06,2025-08-16,LinkedIn,1500
860,860,980,2025-07-25,2025-08-01,Job Board,0
861,861,981,2025-08-19,2025-08-25,LinkedIn,0
862,862,982,2025-08-15,2025-08-24,Job Board,1500
863,863,983,2025-08-27,2025-08-31,Career Site,5000
864,864,984,2025-08-06,2025-08-10,Employee Referral,5000
865,865,985,2025-08-10,2025-08-16,LinkedIn,2500
866,866,986,2025-08-13,2025-08-20,Employee Referral,0
867,867,987,2025-08-04,2025-08-11,Career Site,2500
868,868,988,2025-07-23,2025-08-02,Job Board,2500
869,869,989,2025-08-22,2025-08-28,Career Site,0
870,870,990,2025-08-20,2025-08-26,Career Site,5000
871,871,991,2025-08-13,2025-08-17,LinkedIn,1500
872,872,992,2025-08-19,2025-08-23,Job Board,2500
873,873,993,2025-08-12,2025-08-19,LinkedIn,5000
874,874,994,2025-08-18,2025-08-26,LinkedIn,5000
875,875,995,2025-08-11,2025-08-20,LinkedIn,0
876,876,996,2025-08-26,2025-08-31,Job Board,0
877,877,997,2025-08-09,2025-08-18,Employee Referral,5000
878,878,998,2025-07-30,2025-08-02,LinkedIn,2500
879,879,999,2025-08-05,2025-08-15,Career Site,0
880,880,1000,2025-08-15,2025-08-22,Job Board,2500
881,881,1001,2025-07-28,2025-08-02,LinkedIn,5000
882,882,1002,2025-08-20,2025-08-30,Employee Referral,1500
883,883,1003,2025-09-19,2025-09-28,Job Board,1500
884,884,1004,2025-09-17,2025-09-24,LinkedIn,1500
885,885,1005,2025-09-03,2025-09-09,LinkedIn,5000
886,886,1006,2025-09-24,2025-09-30,LinkedIn,2500
887,887,1007,2025-08-30,2025-09-02,LinkedIn,0
888,888,1008,2025-08-28,2025-09-07,LinkedIn,2500
889,889,1009,2025-09-16,2025-09-24,LinkedIn,0
890,890,1010,2025-09-15,2025-09-23,Agency,2500
891,891,1011,2025-09-10,2025-09-13,Employee Referral,1500
892,892,1012,2025-08-27,2025-09-06,Employee Referral,0
893,893,1013,2025-08-30,2025-09-05,Employee Referral,1500
894,894,1014,2025-09-04,2025-09-14,LinkedIn,1500
895,895,1015,2025-08-28,2025-09-05,LinkedIn,1500
896,896,1016,2025-09-11,2025-09-16,Employee Referral,5000
897,897,1017,2025-09-13,2025-09-18,LinkedIn,2500
898,898,1018,2025-09-13,2025-09-23,Employee Referral,0
899,899,1019,2025-09-19,2025-09-29,LinkedIn,0
900,900,1020,2025-09-18,2025-09-22,Career Site,2500
901,901,1021,2025-09-16,2025-09-24,Job Board,2500
902,902,1022,2025-08-22,2025-09-01,Agency,2500
903,903,1023,2025-08-31,2025-09-09,Employee Referral,1500
904,904,1024,2025-09-03,2025-09-13,LinkedIn,1500
905,905,1025,2025-09-10,2025-09-19,LinkedIn,0
906,906,1026,2025-09-10,2025-09-20,Agency,0
907,907,1027,2025-09-01,2025-09-11,LinkedIn,0
908,908,1028,2025-08-26,2025-09-01,Employee Referral,1500
909,909,1029,2025-09-13,2025-09-19,Employee Referral,1500
910,910,1030,2025-08-30,2025-09-07,Job Board,5000
911,911,1031,2025-10-20,2025-10-30,Employee Referral,1500
912,912,1032,2025-10-02,2025-10-08,LinkedIn,5000
913,913,1033,2025-10-16,2025-10-21,LinkedIn,1500
914,914,1034,2025-09-24,2025-10-01,Employee Referral,1500
915,915,1035,2025-10-07,2025-10-16,Employee Referral,1500
916,916,1036,2025-10-12,2025-10-17,Career Site,0
917,917,1037,2025-10-18,2025-10-28,LinkedIn,1500
918,918,1038,2025-10-13,2025-10-22,Employee Referral,0
919,919,1039,2025-10-08,2025-10-17,Career Site,0
920,920,1040,2025-10-22,2025-10-25,Employee Referral,0
921,921,1041,2025-10-01,2025-10-06,Job Board,0
922,922,1042,2025-09-28,2025-10-04,LinkedIn,0
923,923,1043,2025-09-24,2025-10-01,Employee Referral,2500
924,924,1044,2025-09-30,2025-10-09,Job Board,0
925,925,1045,2025-09-27,2025-10-07,LinkedIn,5000
926,926,1046,2025-09-30,2025-10-08,LinkedIn,5000
927,927,1047,2025-10-04,2025-10-08,LinkedIn,0
928,928,1048,2025-10-06,2025-10-11,LinkedIn,0
929,929,1049,2025-10-16,2025-10-22,LinkedIn,0
930,930,1050,2025-10-09,2025-10-18,Employee Referral,0
931,931,1051,2025-10-02,2025-10-10,Job Board,1500
932,932,1052,2025-10-05,2025-10-14,Job Board,0
933,933,1053,2025-10-06,2025-10-11,Employee Referral,2500
934,934,1054,2025-10-08,2025-10-15,LinkedIn,0
935,935,1055,2025-09-30,2025-10-06,Job Board,2500
936,936,1056,2025-10-11,2025-10-20,Employee Referral,0
937,937,1057,2025-10-26,2025-10-29,Job Board,2500
938,938,1058,2025-11-15,2025-11-23,Employee Referral,5000
939,939,1059,2025-11-10,2025-11-18,LinkedIn,0
940,940,1060,2025-11-14,2025-11-17,Career Site,5000
941,941,1061,2025-11-02,2025-11-11,Employee Referral,0
942,942,1062,2025-11-12,2025-11-19,Agency,0
943,943,1063,2025-10-27,2025-11-06,LinkedIn,0
944,944,1064,2025-11-24,2025-11-27,Career Site,0
945,945,1065,2025-11-22,2025-11-29,Employee Referral,2500
946,946,1066,2025-11-06,2025-11-16,LinkedIn,0
947,947,1067,2025-11-14,2025-11-19,Employee Referral,2500
948,948,1068,2025-11-12,2025-11-21,LinkedIn,1500
949,949,1069,2025-11-01,2025-11-09,LinkedIn,0
950,950,1070,2025-11-14,2025-11-23,LinkedIn,0
951,951,1071,2025-11-08,2025-11-17,LinkedIn,1500
952,952,1072,2025-12-18,2025-12-21,Employee Referral,0
953,953,1073,2025-11-28,2025-12-08,Career Site,2500
954,954,1074,2025-12-18,2025-12-27,Employee Referral,0
955,955,1075,2025-12-20,2025-12-25,LinkedIn,0
956,956,1076,2025-12-20,2025-12-28,LinkedIn,0
957,957,1077,2025-12-21,2025-12-25,LinkedIn,1500
958,958,1078,2025-11-30,2025-12-05,Employee Referral,1500
959,959,1079,2025-12-19,2025-12-22,Career Site,2500
960,960,1080,2025-12-11,2025-12-17,LinkedIn,0
961,961,1081,2025-12-07,2025-12-11,Job Board,0
962,962,1082,2025-12-24,2025-12-29,LinkedIn,1500
963,963,1083,2025-12-18,2025-12-27,Employee Referral,0
964,964,1084,2025-12-15,2025-12-24,Agency,2500
965,965,1085,2026-01-16,2026-01-24,Job Board,0
966,966,1086,2026-01-02,2026-01-09,LinkedIn,2500
967,967,1087,2026-01-16,2026-01-21,Career Site,1500
968,968,1088,2025-12-31,2026-01-04,Agency,0
969,969,1089,2026-01-05,2026-01-12,Agency,0
970,970,1090,2025-12-26,2026-01-01,LinkedIn,1500
971,971,1091,2026-01-07,2026-01-17,Job Board,1500
972,972,1092,2026-01-12,2026-01-22,Employee Referral,5000
973,973,1093,2026-01-03,2026-01-13,LinkedIn,5000
974,974,1094,2026-01-01,2026-01-10,LinkedIn,2500
975,975,1095,2025-12-25,2026-01-02,Career Site,5000
976,976,1096,2025-12-28,2026-01-02,Job Board,0
977,977,1097,2026-01-05,2026-01-12,LinkedIn,0
978,978,1098,2026-01-07,2026-01-14,Employee Referral,1500
979,979,1099,2025-12-29,2026-01-02,Job Board,0
980,980,1100,2026-01-20,2026-01-29,Job Board,0
981,981,1101,2026-01-03,2026-01-10,Employee Referral,5000
982,982,1102,2026-01-16,2026-01-19,LinkedIn,2500
983,983,1103,2026-01-05,2026-01-12,Employee Referral,0
984,984,1104,2025-12-26,2026-01-05,Career Site,2500
985,985,1105,2026-01-09,2026-01-13,Employee Referral,2500
986,986,1106,2026-01-04,2026-01-14,Agency,0
987,987,1107,2026-01-09,2026-01-15,Job Board,5000
988,988,1108,2025-12-27,2026-01-04,Agency,0
989,989,1109,2026-01-25,2026-01-28,Job Board,1500
990,990,1110,2026-01-17,2026-01-21,Career Site,1500
991,991,1111,2026-01-17,2026-01-25,Job Board,1500
992,992,1112,2025-12-29,2026-01-05,Employee Referral,5000
993,993,1113,2026-01-07,2026-01-14,LinkedIn,0
994,994,1114,2025-12-27,2026-01-05,LinkedIn,0
995,995,1115,2026-01-10,2026-01-13,Employee Referral,2500
996,996,1116,2026-01-23,2026-01-31,Career Site,1500
997,997,1117,2026-01-11,2026-01-20,LinkedIn,5000
998,998,1118,2026-01-17,2026-01-24,LinkedIn,2500
999,999,1119,2025-12-25,2026-01-03,Employee Referral,1500
1000,1000,1120,2025-12-23,2026-01-02,LinkedIn,0
1001,1001,1121,2026-01-06,2026-01-13,LinkedIn,5000
1002,1002,1122,2026-02-04,2026-02-07,LinkedIn,1500
1003,1003,1123,2026-02-17,2026-02-21,LinkedIn,5000
1004,1004,1124,2026-01-25,2026-02-04,LinkedIn,0
1005,1005,1125,2026-02-07,2026-02-10,Employee Referral,0
1006,1006,1126,2026-02-18,2026-02-28,LinkedIn,0
1007,1007,1127,2026-02-12,2026-02-22,LinkedIn,0
1008,1008,1128,2026-02-01,2026-02-09,Job Board,0
1009,1009,1129,2026-02-09,2026-02-19,Job Board,2500
1010,1010,1130,2026-01-25,2026-02-04,LinkedIn,0
1011,1011,1131,2026-02-11,2026-02-19,LinkedIn,0
1012,1012,1132,2026-01-24,2026-02-03,Employee Referral,0
1013,1013,1133,2026-02-03,2026-02-09,Employee Referral,0
1014,1014,1134,2026-02-06,2026-02-10,Employee Referral,0
1015,1015,1135,2026-02-16,2026-02-19,Employee Referral,1500
1016,1016,1136,2026-02-08,2026-02-14,LinkedIn,5000
1017,1017,1137,2026-02-17,2026-02-27,Agency,0
1018,1018,1138,2026-02-17,2026-02-22,LinkedIn,5000
1019,1019,1139,2026-02-09,2026-02-14,Agency,2500
1020,1020,1140,2026-02-14,2026-02-24,LinkedIn,0
1021,1021,1141,2026-02-14,2026-02-17,Career Site,2500
1022,1022,1142,2026-02-22,2026-02-27,LinkedIn,0
1023,1023,1143,2026-02-06,2026-02-11,LinkedIn,5000
1024,1024,1144,2026-02-20,2026-02-23,LinkedIn,0
1025,1025,1145,2026-02-19,2026-02-28,LinkedIn,0
1026,1026,1146,2026-02-17,2026-02-25,Agency,0
1027,1027,1147,2026-02-10,2026-02-19,Job Board,1500
1028,1028,1148,2026-02-12,2026-02-16,LinkedIn,2500
1029,1029,1149,2026-02-10,2026-02-18,Employee Referral,0
1030,1030,1150,2026-02-06,2026-02-15,LinkedIn,1500
1031,1031,1151,2026-02-05,2026-02-13,Job Board,5000
1032,1032,1152,2026-02-06,2026-02-10,LinkedIn,1500
1033,1033,1153,2026-03-03,2026-03-07,Job Board,1500
1034,1034,1154,2026-03-20,2026-03-26,Agency,0
1035,1035,1155,2026-03-16,2026-03-21,Employee Referral,5000
1036,1036,1156,2026-02-27,2026-03-02,LinkedIn,0
1037,1037,1157,2026-03-26,2026-03-30,Career Site,1500
1038,1038,1158,2026-03-06,2026-03-12,LinkedIn,0
1039,1039,1159,2026-03-22,2026-03-31,Employee Referral,0
1040,1040,1160,2026-03-04,2026-03-08,Employee Referral,0
1041,1041,1161,2026-02-27,2026-03-09,LinkedIn,2500
1042,1042,1162,2026-03-11,2026-03-20,Career Site,1500
1043,1043,1163,2026-03-24,2026-03-28,Job Board,5000
1044,1044,1164,2026-03-08,2026-03-15,Employee Referral,0
1045,1045,1165,2026-03-21,2026-03-29,Career Site,0
1046,1046,1166,2026-03-17,2026-03-27,LinkedIn,0
1047,1047,1167,2026-03-09,2026-03-16,LinkedIn,0
1048,1048,1168,2026-03-14,2026-03-22,Employee Referral,0
1049,1049,1169,2026-03-10,2026-03-17,Employee Referral,0
1050,1050,1170,2026-03-10,2026-03-18,Employee Referral,2500
1051,1051,1171,2026-03-14,2026-03-23,LinkedIn,0
1052,1052,1172,2026-02-28,2026-03-06,Employee Referral,5000
1053,1053,1173,2026-03-17,2026-03-25,Job Board,2500
1054,1054,1174,2026-02-28,2026-03-05,Employee Referral,2500
1055,1055,1175,2026-03-19,2026-03-23,LinkedIn,0
1056,1056,1176,2026-02-26,2026-03-03,Agency,0
1057,1057,1177,2026-03-08,2026-03-18,LinkedIn,5000
1058,1058,1178,2026-04-08,2026-04-12,LinkedIn,0
1059,1059,1179,2026-04-02,2026-04-11,LinkedIn,0
1060,1060,1180,2026-03-31,2026-04-04,Agency,0
1061,1061,1181,2026-03-31,2026-04-07,LinkedIn,0
1062,1062,1182,2026-04-08,2026-04-15,LinkedIn,0
1063,1063,1183,2026-03-30,2026-04-03,Job Board,0
1064,1064,1184,2026-03-29,2026-04-02,Job Board,2500
1065,1065,1185,2026-03-30,2026-04-09,Career Site,0
1066,1066,1186,2026-04-03,2026-04-06,Employee Referral,0
1067,1067,1187,2026-03-27,2026-04-05,LinkedIn,0
1068,1068,1188,2026-04-25,2026-04-28,Employee Referral,0
1069,1069,1189,2026-04-06,2026-04-12,Employee Referral,1500
1070,1070,1190,2026-04-05,2026-04-08,Agency,5000
1071,1071,1191,2026-04-21,2026-04-28,Employee Referral,1500
1072,1072,1192,2026-04-22,2026-04-25,LinkedIn,0
1073,1073,1193,2026-04-08,2026-04-14,LinkedIn,0
1074,1074,1194,2026-04-26,2026-04-29,LinkedIn,0
1075,1075,1195,2026-03-29,2026-04-07,LinkedIn,1500
1076,1076,1196,2026-03-25,2026-04-02,Employee Referral,5000
1077,1077,1197,2026-04-10,2026-04-18,LinkedIn,1500
1078,1078,1198,2026-04-26,2026-05-03,LinkedIn,0
1079,1079,1199,2026-05-03,2026-05-10,Career Site,2500
1080,1080,1200,2026-05-07,2026-05-16,LinkedIn,0
1081,1081,1201,2026-05-05,2026-05-14,Job Board,1500
1082,1082,1202,2026-04-27,2026-05-01,LinkedIn,0
1083,1083,1203,2026-05-09,2026-05-13,LinkedIn,0
1084,1084,1204,2026-05-08,2026-05-11,Agency,0
1085,1085,1205,2026-05-04,2026-05-08,LinkedIn,1500
1086,1086,1206,2026-04-25,2026-05-03,Employee Referral,0
1087,1087,1207,2026-05-02,2026-05-06,Job Board,0
1088,1088,1208,2026-05-05,2026-05-13,Employee Referral,0
1089,1089,1209,2026-05-26,2026-05-30,LinkedIn,1500
1090,1090,1210,2026-05-03,2026-05-13,Job Board,1500
1091,1091,1211,2026-04-27,2026-05-04,Career Site,2500
1092,1092,1212,2026-05-02,2026-05-09,Employee Referral,0
1093,1093,1213,2026-05-17,2026-05-24,LinkedIn,5000
1094,1094,1214,2026-06-01,2026-06-05,Job Board,2500
1095,1095,1215,2026-06-20,2026-06-30,LinkedIn,1500
1096,1096,1216,2026-06-18,2026-06-23,Job Board,0
1097,1097,1217,2026-06-14,2026-06-23,LinkedIn,0
1098,1098,1218,2026-06-11,2026-06-18,LinkedIn,5000
1099,1099,1219,2026-06-21,2026-06-30,Job Board,2500
1100,1100,1220,2026-06-18,2026-06-22,Employee Referral,1500
1101,1101,1221,2026-05-26,2026-06-05,Agency,0
1102,1102,1222,2026-06-14,2026-06-23,Job Board,2500
1103,1103,1223,2026-05-30,2026-06-06,Career Site,1500
1104,1104,1224,2026-05-28,2026-06-01,LinkedIn,0
1105,1105,1225,2026-06-13,2026-06-19,LinkedIn,5000
1106,1106,1226,2026-06-07,2026-06-10,Employee Referral,2500
1107,1107,1227,2026-07-03,2026-07-10,Agency,0
1108,1108,1228,2026-07-19,2026-07-24,Employee Referral,2500
1109,1109,1229,2026-07-12,2026-07-17,Agency,2500
1110,1110,1230,2026-07-10,2026-07-20,Job Board,1500
1111,1111,1231,2026-07-09,2026-07-12,LinkedIn,1500
1112,1112,1232,2026-07-02,2026-07-09,Employee Referral,2500
1113,1113,1233,2026-07-09,2026-07-15,Employee Referral,0
1114,1114,1234,2026-07-13,2026-07-20,Agency,1500
1115,1115,1235,2026-07-04,2026-07-11,LinkedIn,2500
1116,1116,1236,2026-07-16,2026-07-22,Agency,2500
1117,1117,1237,2026-07-04,2026-07-12,Career Site,5000
1118,1118,1238,2026-06-27,2026-07-06,Job Board,1500
1119,1119,1239,2026-07-26,2026-07-29,LinkedIn,1500
1120,1120,1240,2026-06-28,2026-07-03,Employee Referral,1500
1121,1121,1241,2026-08-15,2026-08-19,LinkedIn,0
1122,1122,1242,2026-08-04,2026-08-14,Employee Referral,2500
1123,1123,1243,2026-08-01,2026-08-07,Employee Referral,0
1124,1124,1244,2026-08-10,2026-08-17,Agency,2500
1125,1125,1245,2026-08-04,2026-08-10,Employee Referral,1500
1126,1126,1246,2026-08-09,2026-08-13,Employee Referral,0
1127,1127,1247,2026-08-10,2026-08-17,LinkedIn,1500
1128,1128,1248,2026-08-23,2026-08-30,Employee Referral,1500
1129,1129,1249,2026-07-31,2026-08-09,Employee Referral,1500
1130,1130,1250,2026-08-09,2026-08-15,Job Board,0
1131,1131,1251,2026-08-04,2026-08-13,Career Site,0
1132,1132,1252,2026-08-21,2026-08-24,LinkedIn,5000
1133,1133,1253,2026-07-29,2026-08-03,Job Board,0
